repo,file,decl,method,n,metric,model,annotation,syntax_search,mathlib_search,examples,og_correct,og_errors,og_score,new_correct,new_errors,new_score,delta,og_raw,new_raw,time
Tests,Tests/MIL/C04_Sets_and_Functions/solutions/Solutions_S01_Sets.lean,example : s ∩ t ∪ s ∩ u ⊆ s ∩ (t ∪ u) ,"best_of_n(refinement_n(prompt_flat, prev_data_num=1, keep_best=True))",5,LENGTH,gpt-4o,True,False,False,10,True,,7,True,,3,-0.5714285714285714,"
example : s ∩ t ∪ s ∩ u ⊆ s ∩ (t ∪ u)  := by
  rintro x (⟨xs, xt⟩ | ⟨xs, xu⟩)
  · use xs; left; exact xt
  . use xs; right; exact xu","
example : s ∩ t ∪ s ∩ u ⊆ s ∩ (t ∪ u)   := by
  rintro x (⟨xs, xt⟩ | ⟨xs, xu⟩)
  · exact ⟨xs, Or.inl xt⟩
  . exact ⟨xs, Or.inr xu⟩",25.35895872116089
Tests,Tests/MIL/C04_Sets_and_Functions/solutions/Solutions_S01_Sets.lean,example : s ∩ t ∪ s ∩ u ⊆ s ∩ (t ∪ u) ,"best_of_n(refinement_n(prompt_flat, prev_data_num=1, keep_best=True))",3,LENGTH,gpt-4o,True,False,False,10,True,,7,True,,3,-0.5714285714285714,"
example : s ∩ t ∪ s ∩ u ⊆ s ∩ (t ∪ u)  := by
  rintro x (⟨xs, xt⟩ | ⟨xs, xu⟩)
  · use xs; left; exact xt
  . use xs; right; exact xu","
example : s ∩ t ∪ s ∩ u ⊆ s ∩ (t ∪ u)   := by
  rintro x (⟨xs, xt⟩ | ⟨xs, xu⟩)
  exact ⟨xs, Or.inl xt⟩
  exact ⟨xs, Or.inr xu⟩",34.16172170639038
Tests,Tests/MIL/C04_Sets_and_Functions/solutions/Solutions_S01_Sets.lean,example : s \ (t ∪ u) ⊆ (s \ t) \ u ,"best_of_n(refinement_n(prompt_flat, prev_data_num=1, keep_best=True))",5,LENGTH,gpt-4o,True,False,False,10,True,,7,True,,2,-0.7142857142857143,"
example : s \ (t ∪ u) ⊆ (s \ t) \ u  := by
  rintro x ⟨xs, xntu⟩
  constructor
  use xs
  · intro xt
    exact xntu (Or.inl xt)
  intro xu
  apply xntu (Or.inr xu)","
example : s \ (t ∪ u) ⊆ (s \ t) \ u    := by
  rintro x ⟨xs, xntu⟩
  exact ⟨⟨xs, λ xt => xntu (Or.inl xt)⟩, λ xu => xntu (Or.inr xu)⟩",17.657341957092285
Tests,Tests/MIL/C04_Sets_and_Functions/solutions/Solutions_S01_Sets.lean,example : s \ (t ∪ u) ⊆ (s \ t) \ u ,"best_of_n(refinement_n(prompt_flat, prev_data_num=1, keep_best=True))",3,LENGTH,gpt-4o,True,False,False,10,True,,7,True,,2,-0.7142857142857143,"
example : s \ (t ∪ u) ⊆ (s \ t) \ u  := by
  rintro x ⟨xs, xntu⟩
  constructor
  use xs
  · intro xt
    exact xntu (Or.inl xt)
  intro xu
  apply xntu (Or.inr xu)","
example : s \ (t ∪ u) ⊆ (s \ t) \ u   := by
  rintro x ⟨xs, xntu⟩
  exact ⟨⟨xs, λ xt => xntu (Or.inl xt)⟩, λ xu => xntu (Or.inr xu)⟩",30.157197952270508
Tests,Tests/MIL/C04_Sets_and_Functions/solutions/Solutions_S01_Sets.lean,example : s ∩ (s ∪ t) = s ,"best_of_n(refinement_n(prompt_flat, prev_data_num=1, keep_best=True))",5,LENGTH,gpt-4o,True,False,False,10,True,,8,True,,1,-0.875,"
example : s ∩ (s ∪ t) = s  := by
  ext x; constructor
  · rintro ⟨xs, _⟩
    exact xs
  . intro xs
    use xs; left; exact xs","
example : s ∩ (s ∪ t) = s   := by
  exact Set.ext (fun x => ⟨fun ⟨xs, _⟩ => xs, fun xs => ⟨xs, Or.inl xs⟩⟩)",15.981595754623413
Tests,Tests/MIL/C04_Sets_and_Functions/solutions/Solutions_S01_Sets.lean,example : s ∩ (s ∪ t) = s ,"best_of_n(refinement_n(prompt_flat, prev_data_num=1, keep_best=True))",3,LENGTH,gpt-4o,True,False,False,10,True,,8,True,,1,-0.875,"
example : s ∩ (s ∪ t) = s  := by
  ext x; constructor
  · rintro ⟨xs, _⟩
    exact xs
  . intro xs
    use xs; left; exact xs","
example : s ∩ (s ∪ t) = s   := by
  exact Set.ext (fun x => ⟨fun ⟨xs, _⟩ => xs, fun xs => ⟨xs, Or.inl xs⟩⟩)",24.355114221572876
Tests,Tests/MIL/C04_Sets_and_Functions/solutions/Solutions_S01_Sets.lean,example : s ∪ s ∩ t = s ,"best_of_n(refinement_n(prompt_flat, prev_data_num=1, keep_best=True))",5,LENGTH,gpt-4o,True,False,False,10,True,,8,True,,1,-0.875,"
example : s ∪ s ∩ t = s  := by
  ext x; constructor
  · rintro (xs | ⟨xs, xt⟩) <;> exact xs
  . intro xs; left; exact xs","
example : s ∪ s ∩ t = s   := by
  exact Set.ext fun x => ⟨fun | Or.inl xs | Or.inr ⟨xs, _⟩ => xs, fun xs => Or.inl xs⟩",16.199107885360718
Tests,Tests/MIL/C04_Sets_and_Functions/solutions/Solutions_S01_Sets.lean,example : s ∪ s ∩ t = s ,"best_of_n(refinement_n(prompt_flat, prev_data_num=1, keep_best=True))",3,LENGTH,gpt-4o,True,False,False,10,True,,8,True,,1,-0.875,"
example : s ∪ s ∩ t = s  := by
  ext x; constructor
  · rintro (xs | ⟨xs, xt⟩) <;> exact xs
  . intro xs; left; exact xs","
example : s ∪ s ∩ t = s   := by
  exact Set.ext fun x => ⟨fun | Or.inl xs | Or.inr ⟨xs, _⟩ => xs, fun xs => Or.inl xs⟩",25.26860284805298
Tests,Tests/MIL/C04_Sets_and_Functions/solutions/Solutions_S01_Sets.lean,example : s \ t ∪ t = s ∪ t ,"best_of_n(refinement_n(prompt_flat, prev_data_num=1, keep_best=True))",5,LENGTH,gpt-4o,True,False,False,10,True,,16,True,,16,0.0,"
example : s \ t ∪ t = s ∪ t  := by
  ext x; constructor
  · rintro (⟨xs, nxt⟩ | xt)
    · left
      exact xs
    . right
      exact xt
  by_cases h : x ∈ t
  · intro
    right
    exact h
  rintro (xs | xt)
  · left
    use xs
  right; exact xt","
example : s \ t ∪ t = s ∪ t  := by
  ext x; constructor
  · rintro (⟨xs, nxt⟩ | xt)
    · left
      exact xs
    . right
      exact xt
  by_cases h : x ∈ t
  · intro
    right
    exact h
  rintro (xs | xt)
  · left
    use xs
  right; exact xt",23.804678201675415
Tests,Tests/MIL/C04_Sets_and_Functions/solutions/Solutions_S01_Sets.lean,example : s \ t ∪ t = s ∪ t ,"best_of_n(refinement_n(prompt_flat, prev_data_num=1, keep_best=True))",3,LENGTH,gpt-4o,True,False,False,10,True,,16,True,,16,0.0,"
example : s \ t ∪ t = s ∪ t  := by
  ext x; constructor
  · rintro (⟨xs, nxt⟩ | xt)
    · left
      exact xs
    . right
      exact xt
  by_cases h : x ∈ t
  · intro
    right
    exact h
  rintro (xs | xt)
  · left
    use xs
  right; exact xt","
example : s \ t ∪ t = s ∪ t  := by
  ext x; constructor
  · rintro (⟨xs, nxt⟩ | xt)
    · left
      exact xs
    . right
      exact xt
  by_cases h : x ∈ t
  · intro
    right
    exact h
  rintro (xs | xt)
  · left
    use xs
  right; exact xt",28.913158893585205
Tests,Tests/MIL/C04_Sets_and_Functions/solutions/Solutions_S01_Sets.lean,example : s \ t ∪ t \ s = (s ∪ t) \ (s ∩ t) ,"best_of_n(refinement_n(prompt_flat, prev_data_num=1, keep_best=True))",5,LENGTH,gpt-4o,True,False,False,10,True,,28,True,,28,0.0,"
example : s \ t ∪ t \ s = (s ∪ t) \ (s ∩ t)  := by
  ext x; constructor
  · rintro (⟨xs, xnt⟩ | ⟨xt, xns⟩)
    · constructor
      left
      exact xs
      rintro ⟨_, xt⟩
      contradiction
    . constructor
      right
      exact xt
      rintro ⟨xs, _⟩
      contradiction
  rintro ⟨xs | xt, nxst⟩
  · left
    use xs
    intro xt
    apply nxst
    constructor <;> assumption
  . right; use xt; intro xs
    apply nxst
    constructor <;> assumption","
example : s \ t ∪ t \ s = (s ∪ t) \ (s ∩ t)  := by
  ext x; constructor
  · rintro (⟨xs, xnt⟩ | ⟨xt, xns⟩)
    · constructor
      left
      exact xs
      rintro ⟨_, xt⟩
      contradiction
    . constructor
      right
      exact xt
      rintro ⟨xs, _⟩
      contradiction
  rintro ⟨xs | xt, nxst⟩
  · left
    use xs
    intro xt
    apply nxst
    constructor <;> assumption
  . right; use xt; intro xs
    apply nxst
    constructor <;> assumption",25.3980450630188
Tests,Tests/MIL/C04_Sets_and_Functions/solutions/Solutions_S01_Sets.lean,example : s \ t ∪ t \ s = (s ∪ t) \ (s ∩ t) ,"best_of_n(refinement_n(prompt_flat, prev_data_num=1, keep_best=True))",3,LENGTH,gpt-4o,True,False,False,10,True,,28,True,,28,0.0,"
example : s \ t ∪ t \ s = (s ∪ t) \ (s ∩ t)  := by
  ext x; constructor
  · rintro (⟨xs, xnt⟩ | ⟨xt, xns⟩)
    · constructor
      left
      exact xs
      rintro ⟨_, xt⟩
      contradiction
    . constructor
      right
      exact xt
      rintro ⟨xs, _⟩
      contradiction
  rintro ⟨xs | xt, nxst⟩
  · left
    use xs
    intro xt
    apply nxst
    constructor <;> assumption
  . right; use xt; intro xs
    apply nxst
    constructor <;> assumption","
example : s \ t ∪ t \ s = (s ∪ t) \ (s ∩ t)  := by
  ext x; constructor
  · rintro (⟨xs, xnt⟩ | ⟨xt, xns⟩)
    · constructor
      left
      exact xs
      rintro ⟨_, xt⟩
      contradiction
    . constructor
      right
      exact xt
      rintro ⟨xs, _⟩
      contradiction
  rintro ⟨xs | xt, nxst⟩
  · left
    use xs
    intro xt
    apply nxst
    constructor <;> assumption
  . right; use xt; intro xs
    apply nxst
    constructor <;> assumption",45.38717699050903
Tests,Tests/MIL/C04_Sets_and_Functions/solutions/Solutions_S01_Sets.lean,example : { n | Nat.Prime n } ∩ { n | n > 2 } ⊆ { n | ¬Even n } ,"best_of_n(refinement_n(prompt_flat, prev_data_num=1, keep_best=True))",5,LENGTH,gpt-4o,True,False,False,10,True,,9,True,,9,0.0,"
example : { n | Nat.Prime n } ∩ { n | n > 2 } ⊆ { n | ¬Even n }  := by
  intro n
  simp
  intro nprime
  rcases Nat.Prime.eq_two_or_odd nprime with h | h
  · rw [h]
    intro
    linarith
  rw [Nat.even_iff, h]
  norm_num","
example : { n | Nat.Prime n } ∩ { n | n > 2 } ⊆ { n | ¬Even n }  := by
  intro n
  simp
  intro nprime
  rcases Nat.Prime.eq_two_or_odd nprime with h | h
  · rw [h]
    intro
    linarith
  rw [Nat.even_iff, h]
  norm_num",19.981887102127075
Tests,Tests/MIL/C04_Sets_and_Functions/solutions/Solutions_S01_Sets.lean,example : { n | Nat.Prime n } ∩ { n | n > 2 } ⊆ { n | ¬Even n } ,"best_of_n(refinement_n(prompt_flat, prev_data_num=1, keep_best=True))",3,LENGTH,gpt-4o,True,False,False,10,True,,9,True,,9,0.0,"
example : { n | Nat.Prime n } ∩ { n | n > 2 } ⊆ { n | ¬Even n }  := by
  intro n
  simp
  intro nprime
  rcases Nat.Prime.eq_two_or_odd nprime with h | h
  · rw [h]
    intro
    linarith
  rw [Nat.even_iff, h]
  norm_num","
example : { n | Nat.Prime n } ∩ { n | n > 2 } ⊆ { n | ¬Even n }  := by
  intro n
  simp
  intro nprime
  rcases Nat.Prime.eq_two_or_odd nprime with h | h
  · rw [h]
    intro
    linarith
  rw [Nat.even_iff, h]
  norm_num",40.62621712684631
Tests,Tests/MIL/C04_Sets_and_Functions/solutions/Solutions_S01_Sets.lean,"example (h₀ : ∀ x ∈ t, ¬Even x) (h₁ : ∀ x ∈ t, Prime x) : ∀ x ∈ s, ¬Even x ∧ Prime x ","best_of_n(refinement_n(prompt_flat, prev_data_num=1, keep_best=True))",5,LENGTH,gpt-4o,True,False,False,10,True,,4,True,,1,-0.75,"
example (h₀ : ∀ x ∈ t, ¬Even x) (h₁ : ∀ x ∈ t, Prime x) : ∀ x ∈ s, ¬Even x ∧ Prime x  := by
  intro x xs
  constructor
  · apply h₀ x (ssubt xs)
  apply h₁ x (ssubt xs)","
example (h₀ : ∀ x ∈ t, ¬Even x) (h₁ : ∀ x ∈ t, Prime x) : ∀ x ∈ s, ¬Even x ∧ Prime x    := by
  exact fun x xs ↦ ⟨h₀ x (ssubt xs), h₁ x (ssubt xs)⟩",17.15583300590515
Tests,Tests/MIL/C04_Sets_and_Functions/solutions/Solutions_S01_Sets.lean,"example (h₀ : ∀ x ∈ t, ¬Even x) (h₁ : ∀ x ∈ t, Prime x) : ∀ x ∈ s, ¬Even x ∧ Prime x ","best_of_n(refinement_n(prompt_flat, prev_data_num=1, keep_best=True))",3,LENGTH,gpt-4o,True,False,False,10,True,,4,True,,1,-0.75,"
example (h₀ : ∀ x ∈ t, ¬Even x) (h₁ : ∀ x ∈ t, Prime x) : ∀ x ∈ s, ¬Even x ∧ Prime x  := by
  intro x xs
  constructor
  · apply h₀ x (ssubt xs)
  apply h₁ x (ssubt xs)","
example (h₀ : ∀ x ∈ t, ¬Even x) (h₁ : ∀ x ∈ t, Prime x) : ∀ x ∈ s, ¬Even x ∧ Prime x    := by
  exact λ x xs => ⟨h₀ x (ssubt xs), h₁ x (ssubt xs)⟩",26.92007279396057
Tests,Tests/MIL/C04_Sets_and_Functions/solutions/Solutions_S01_Sets.lean,"example (h : ∃ x ∈ s, ¬Even x ∧ Prime x) : ∃ x ∈ t, Prime x ","best_of_n(refinement_n(prompt_flat, prev_data_num=1, keep_best=True))",5,LENGTH,gpt-4o,True,False,False,10,True,,2,True,,2,0.0,"
example (h : ∃ x ∈ s, ¬Even x ∧ Prime x) : ∃ x ∈ t, Prime x  := by
  rcases h with ⟨x, xs, _, px⟩
  use x, ssubt xs","
example (h : ∃ x ∈ s, ¬Even x ∧ Prime x) : ∃ x ∈ t, Prime x  := by
  rcases h with ⟨x, xs, _, px⟩
  use x, ssubt xs",16.967432022094727
Tests,Tests/MIL/C04_Sets_and_Functions/solutions/Solutions_S01_Sets.lean,"example (h : ∃ x ∈ s, ¬Even x ∧ Prime x) : ∃ x ∈ t, Prime x ","best_of_n(refinement_n(prompt_flat, prev_data_num=1, keep_best=True))",3,LENGTH,gpt-4o,True,False,False,10,True,,2,True,,2,0.0,"
example (h : ∃ x ∈ s, ¬Even x ∧ Prime x) : ∃ x ∈ t, Prime x  := by
  rcases h with ⟨x, xs, _, px⟩
  use x, ssubt xs","
example (h : ∃ x ∈ s, ¬Even x ∧ Prime x) : ∃ x ∈ t, Prime x  := by
  rcases h with ⟨x, xs, _, px⟩
  use x, ssubt xs",29.16830587387085
Tests,Tests/MIL/C04_Sets_and_Functions/solutions/Solutions_S01_Sets.lean,"example : (s ∪ ⋂ i, A i) = ⋂ i, A i ∪ s ","best_of_n(refinement_n(prompt_flat, prev_data_num=1, keep_best=True))",5,LENGTH,gpt-4o,True,False,False,10,True,,19,True,,5,-0.7368421052631579,"
example : (s ∪ ⋂ i, A i) = ⋂ i, A i ∪ s  := by
  ext x
  simp only [mem_union, mem_iInter]
  constructor
  · rintro (xs | xI)
    · intro i
      right
      exact xs
    intro i
    left
    exact xI i
  intro h
  by_cases xs : x ∈ s
  · left
    exact xs
  right
  intro i
  cases h i
  · assumption
  contradiction","
example : (s ∪ ⋂ i, A i) = ⋂ i, A i ∪ s   := by
  ext x
  simp only [mem_union, mem_iInter]
  constructor
  · exact fun | Or.inl xs => fun _ => Or.inr xs | Or.inr xI => fun i => Or.inl (xI i)
  · exact fun h => Or.elim (Classical.em (x ∈ s)) Or.inl (fun h' => Or.inr fun i => (h i).resolve_right h')",19.184389114379883
Tests,Tests/MIL/C04_Sets_and_Functions/solutions/Solutions_S01_Sets.lean,"example : (s ∪ ⋂ i, A i) = ⋂ i, A i ∪ s ","best_of_n(refinement_n(prompt_flat, prev_data_num=1, keep_best=True))",3,LENGTH,gpt-4o,True,False,False,10,True,,19,True,,19,0.0,"
example : (s ∪ ⋂ i, A i) = ⋂ i, A i ∪ s  := by
  ext x
  simp only [mem_union, mem_iInter]
  constructor
  · rintro (xs | xI)
    · intro i
      right
      exact xs
    intro i
    left
    exact xI i
  intro h
  by_cases xs : x ∈ s
  · left
    exact xs
  right
  intro i
  cases h i
  · assumption
  contradiction","
example : (s ∪ ⋂ i, A i) = ⋂ i, A i ∪ s  := by
  ext x
  simp only [mem_union, mem_iInter]
  constructor
  · rintro (xs | xI)
    · intro i
      right
      exact xs
    intro i
    left
    exact xI i
  intro h
  by_cases xs : x ∈ s
  · left
    exact xs
  right
  intro i
  cases h i
  · assumption
  contradiction",31.863200902938843
Tests,Tests/MIL/C04_Sets_and_Functions/solutions/Solutions_S01_Sets.lean,"example : (⋃ p ∈ primes, { x | x ≤ p }) = univ ","best_of_n(refinement_n(prompt_flat, prev_data_num=1, keep_best=True))",5,LENGTH,gpt-4o,True,False,False,10,True,,5,True,,5,0.0,"
example : (⋃ p ∈ primes, { x | x ≤ p }) = univ  := by
  apply eq_univ_of_forall
  intro x
  simp
  rcases Nat.exists_infinite_primes x with ⟨p, pge, primep⟩
  use p, primep","
example : (⋃ p ∈ primes, { x | x ≤ p }) = univ  := by
  apply eq_univ_of_forall
  intro x
  simp
  rcases Nat.exists_infinite_primes x with ⟨p, pge, primep⟩
  use p, primep",18.94771695137024
Tests,Tests/MIL/C04_Sets_and_Functions/solutions/Solutions_S01_Sets.lean,"example : (⋃ p ∈ primes, { x | x ≤ p }) = univ ","best_of_n(refinement_n(prompt_flat, prev_data_num=1, keep_best=True))",3,LENGTH,gpt-4o,True,False,False,10,True,,5,True,,5,0.0,"
example : (⋃ p ∈ primes, { x | x ≤ p }) = univ  := by
  apply eq_univ_of_forall
  intro x
  simp
  rcases Nat.exists_infinite_primes x with ⟨p, pge, primep⟩
  use p, primep","
example : (⋃ p ∈ primes, { x | x ≤ p }) = univ  := by
  apply eq_univ_of_forall
  intro x
  simp
  rcases Nat.exists_infinite_primes x with ⟨p, pge, primep⟩
  use p, primep",29.393704891204834
Tests,Tests/MIL/C05_Elementary_Number_Theory/solutions/Solutions_S01_Irrational_Roots.lean,theorem even_of_even_sqr {m : ℕ} (h : 2 ∣ m ^ 2) : 2 ∣ m ,"best_of_n(refinement_n(prompt_flat, prev_data_num=1, keep_best=True))",5,LENGTH,gpt-4o,True,False,False,10,True,,4,True,,4,0.0,"
theorem even_of_even_sqr {m : ℕ} (h : 2 ∣ m ^ 2) : 2 ∣ m  := by
  rw [pow_two, Nat.prime_two.dvd_mul] at h
  cases h <;> assumption","
theorem even_of_even_sqr {m : ℕ} (h : 2 ∣ m ^ 2) : 2 ∣ m  := by
  rw [pow_two, Nat.prime_two.dvd_mul] at h
  cases h <;> assumption",16.874833822250366
Tests,Tests/MIL/C05_Elementary_Number_Theory/solutions/Solutions_S01_Irrational_Roots.lean,theorem even_of_even_sqr {m : ℕ} (h : 2 ∣ m ^ 2) : 2 ∣ m ,"best_of_n(refinement_n(prompt_flat, prev_data_num=1, keep_best=True))",3,LENGTH,gpt-4o,True,False,False,10,True,,4,True,,4,0.0,"
theorem even_of_even_sqr {m : ℕ} (h : 2 ∣ m ^ 2) : 2 ∣ m  := by
  rw [pow_two, Nat.prime_two.dvd_mul] at h
  cases h <;> assumption","
theorem even_of_even_sqr {m : ℕ} (h : 2 ∣ m ^ 2) : 2 ∣ m  := by
  rw [pow_two, Nat.prime_two.dvd_mul] at h
  cases h <;> assumption",23.190773963928223
Tests,Tests/MIL/C05_Elementary_Number_Theory/solutions/Solutions_S01_Irrational_Roots.lean,example {m n : ℕ} (coprime_mn : m.Coprime n) : m ^ 2 ≠ 2 * n ^ 2 ,"best_of_n(refinement_n(prompt_flat, prev_data_num=1, keep_best=True))",5,LENGTH,gpt-4o,True,False,False,10,True,,24,True,,19,-0.20833333333333334,"
example {m n : ℕ} (coprime_mn : m.Coprime n) : m ^ 2 ≠ 2 * n ^ 2  := by
  intro sqr_eq
  have : 2 ∣ m := by
    apply even_of_even_sqr
    rw [sqr_eq]
    apply dvd_mul_right
  obtain ⟨k, meq⟩ := dvd_iff_exists_eq_mul_left.mp this
  have : 2 * (2 * k ^ 2) = 2 * n ^ 2 := by
    rw [← sqr_eq, meq]
    ring
  have : 2 * k ^ 2 = n ^ 2 :=
    (mul_right_inj' (by norm_num)).mp this
  have : 2 ∣ n := by
    apply even_of_even_sqr
    rw [← this]
    apply dvd_mul_right
  have : 2 ∣ m.gcd n := by
    apply Nat.dvd_gcd <;>
    assumption
  have : 2 ∣ 1 := by
    convert this
    symm
    exact coprime_mn
  norm_num at this","
example {m n : ℕ} (coprime_mn : m.Coprime n) : m ^ 2 ≠ 2 * n ^ 2   := by
  intro sqr_eq
  have : 2 ∣ m := even_of_even_sqr (by rw [sqr_eq]; apply dvd_mul_right)
  obtain ⟨k, meq⟩ := dvd_iff_exists_eq_mul_left.mp this
  have : 2 * (2 * k ^ 2) = 2 * n ^ 2 := by rw [← sqr_eq, meq]; ring
  have : 2 * k ^ 2 = n ^ 2 := (mul_right_inj' (by norm_num)).mp this
  have : 2 ∣ n := even_of_even_sqr (by rw [← this]; apply dvd_mul_right)
  have : 2 ∣ m.gcd n := Nat.dvd_gcd ‹2 ∣ m› ‹2 ∣ n›
  have : 2 ∣ 1 := by convert this; symm; exact coprime_mn
  norm_num at this",82.41695189476013
Tests,Tests/MIL/C05_Elementary_Number_Theory/solutions/Solutions_S01_Irrational_Roots.lean,example {m n : ℕ} (coprime_mn : m.Coprime n) : m ^ 2 ≠ 2 * n ^ 2 ,"best_of_n(refinement_n(prompt_flat, prev_data_num=1, keep_best=True))",3,LENGTH,gpt-4o,True,False,False,10,True,,24,True,,19,-0.20833333333333334,"
example {m n : ℕ} (coprime_mn : m.Coprime n) : m ^ 2 ≠ 2 * n ^ 2  := by
  intro sqr_eq
  have : 2 ∣ m := by
    apply even_of_even_sqr
    rw [sqr_eq]
    apply dvd_mul_right
  obtain ⟨k, meq⟩ := dvd_iff_exists_eq_mul_left.mp this
  have : 2 * (2 * k ^ 2) = 2 * n ^ 2 := by
    rw [← sqr_eq, meq]
    ring
  have : 2 * k ^ 2 = n ^ 2 :=
    (mul_right_inj' (by norm_num)).mp this
  have : 2 ∣ n := by
    apply even_of_even_sqr
    rw [← this]
    apply dvd_mul_right
  have : 2 ∣ m.gcd n := by
    apply Nat.dvd_gcd <;>
    assumption
  have : 2 ∣ 1 := by
    convert this
    symm
    exact coprime_mn
  norm_num at this","
example {m n : ℕ} (coprime_mn : m.Coprime n) : m ^ 2 ≠ 2 * n ^ 2   := by
  intro sqr_eq
  have : 2 ∣ m := even_of_even_sqr (by rw [sqr_eq]; apply dvd_mul_right)
  obtain ⟨k, meq⟩ := dvd_iff_exists_eq_mul_left.mp this
  have : 2 * (2 * k ^ 2) = 2 * n ^ 2 := by rw [← sqr_eq, meq]; ring
  have : 2 * k ^ 2 = n ^ 2 := (mul_right_inj' (by norm_num)).mp this
  have : 2 ∣ n := even_of_even_sqr (by rw [← this]; apply dvd_mul_right)
  have : 2 ∣ m.gcd n := Nat.dvd_gcd ‹2 ∣ m› ‹2 ∣ n›
  have : 2 ∣ 1 := by convert this; symm; exact coprime_mn
  norm_num at this",40.85063982009888
Tests,Tests/MIL/C05_Elementary_Number_Theory/solutions/Solutions_S01_Irrational_Roots.lean,example {m n p : ℕ} (coprime_mn : m.Coprime n) (prime_p : p.Prime) : m ^ 2 ≠ p * n ^ 2 ,"best_of_n(refinement_n(prompt_flat, prev_data_num=1, keep_best=True))",5,LENGTH,gpt-4o,True,False,False,10,True,,30,True,,11,-0.6333333333333333,"
example {m n p : ℕ} (coprime_mn : m.Coprime n) (prime_p : p.Prime) : m ^ 2 ≠ p * n ^ 2  := by
  intro sqr_eq
  have : p ∣ m := by
    apply prime_p.dvd_of_dvd_pow
    rw [sqr_eq]
    apply dvd_mul_right
  obtain ⟨k, meq⟩ := dvd_iff_exists_eq_mul_left.mp this
  have : p * (p * k ^ 2) = p * n ^ 2 := by
    rw [← sqr_eq, meq]
    ring
  have : p * k ^ 2 = n ^ 2 := by
    apply (mul_right_inj' _).mp this
    exact prime_p.ne_zero
  have : p ∣ n := by
    apply prime_p.dvd_of_dvd_pow
    rw [← this]
    apply dvd_mul_right
  have : p ∣ Nat.gcd m n := by apply Nat.dvd_gcd <;> assumption
  have : p ∣ 1 := by
    convert this
    symm
    exact coprime_mn
  have : 2 ≤ 1 := by
    apply prime_p.two_le.trans
    exact Nat.le_of_dvd zero_lt_one this
  norm_num at this","
example {m n p : ℕ} (coprime_mn : m.Coprime n) (prime_p : p.Prime) : m ^ 2 ≠ p * n ^ 2   := by
  intro sqr_eq
  have : p ∣ m := prime_p.dvd_of_dvd_pow (sqr_eq ▸ dvd_mul_right p (n ^ 2))
  obtain ⟨k, rfl⟩ := dvd_iff_exists_eq_mul_left.mp this
  have : p * k ^ 2 = n ^ 2 := (mul_right_inj' prime_p.ne_zero).mp (by rw [←sqr_eq]; ring)
  have : p ∣ n := prime_p.dvd_of_dvd_pow (this ▸ dvd_mul_right p (k ^ 2))
  have : p ∣ Nat.gcd (k * p) n := Nat.dvd_gcd ‹p ∣ k * p› ‹p ∣ n›
  have : p ∣ 1 := by rwa [coprime_mn] at this
  exact prime_p.not_dvd_one this",29.24511218070984
Tests,Tests/MIL/C05_Elementary_Number_Theory/solutions/Solutions_S01_Irrational_Roots.lean,example {m n p : ℕ} (coprime_mn : m.Coprime n) (prime_p : p.Prime) : m ^ 2 ≠ p * n ^ 2 ,"best_of_n(refinement_n(prompt_flat, prev_data_num=1, keep_best=True))",3,LENGTH,gpt-4o,True,False,False,10,True,,30,True,,30,0.0,"
example {m n p : ℕ} (coprime_mn : m.Coprime n) (prime_p : p.Prime) : m ^ 2 ≠ p * n ^ 2  := by
  intro sqr_eq
  have : p ∣ m := by
    apply prime_p.dvd_of_dvd_pow
    rw [sqr_eq]
    apply dvd_mul_right
  obtain ⟨k, meq⟩ := dvd_iff_exists_eq_mul_left.mp this
  have : p * (p * k ^ 2) = p * n ^ 2 := by
    rw [← sqr_eq, meq]
    ring
  have : p * k ^ 2 = n ^ 2 := by
    apply (mul_right_inj' _).mp this
    exact prime_p.ne_zero
  have : p ∣ n := by
    apply prime_p.dvd_of_dvd_pow
    rw [← this]
    apply dvd_mul_right
  have : p ∣ Nat.gcd m n := by apply Nat.dvd_gcd <;> assumption
  have : p ∣ 1 := by
    convert this
    symm
    exact coprime_mn
  have : 2 ≤ 1 := by
    apply prime_p.two_le.trans
    exact Nat.le_of_dvd zero_lt_one this
  norm_num at this","
example {m n p : ℕ} (coprime_mn : m.Coprime n) (prime_p : p.Prime) : m ^ 2 ≠ p * n ^ 2  := by
  intro sqr_eq
  have : p ∣ m := by
    apply prime_p.dvd_of_dvd_pow
    rw [sqr_eq]
    apply dvd_mul_right
  obtain ⟨k, meq⟩ := dvd_iff_exists_eq_mul_left.mp this
  have : p * (p * k ^ 2) = p * n ^ 2 := by
    rw [← sqr_eq, meq]
    ring
  have : p * k ^ 2 = n ^ 2 := by
    apply (mul_right_inj' _).mp this
    exact prime_p.ne_zero
  have : p ∣ n := by
    apply prime_p.dvd_of_dvd_pow
    rw [← this]
    apply dvd_mul_right
  have : p ∣ Nat.gcd m n := by apply Nat.dvd_gcd <;> assumption
  have : p ∣ 1 := by
    convert this
    symm
    exact coprime_mn
  have : 2 ≤ 1 := by
    apply prime_p.two_le.trans
    exact Nat.le_of_dvd zero_lt_one this
  norm_num at this",38.3430392742157
Tests,Tests/MIL/C05_Elementary_Number_Theory/solutions/Solutions_S01_Irrational_Roots.lean,"theorem factorization_mul' {m n : ℕ} (mnez : m ≠ 0) (nnez : n ≠ 0) (p : ℕ) :
    (m * n).factorization p = m.factorization p + n.factorization p ","best_of_n(refinement_n(prompt_flat, prev_data_num=1, keep_best=True))",5,LENGTH,gpt-4o,True,False,False,10,True,,2,True,,2,0.0,"
theorem factorization_mul' {m n : ℕ} (mnez : m ≠ 0) (nnez : n ≠ 0) (p : ℕ) :
    (m * n).factorization p = m.factorization p + n.factorization p  := by
  rw [Nat.factorization_mul mnez nnez]
  rfl","
theorem factorization_mul' {m n : ℕ} (mnez : m ≠ 0) (nnez : n ≠ 0) (p : ℕ) :
    (m * n).factorization p = m.factorization p + n.factorization p  := by
  rw [Nat.factorization_mul mnez nnez]
  rfl",18.755024194717407
Tests,Tests/MIL/C05_Elementary_Number_Theory/solutions/Solutions_S01_Irrational_Roots.lean,"theorem factorization_mul' {m n : ℕ} (mnez : m ≠ 0) (nnez : n ≠ 0) (p : ℕ) :
    (m * n).factorization p = m.factorization p + n.factorization p ","best_of_n(refinement_n(prompt_flat, prev_data_num=1, keep_best=True))",3,LENGTH,gpt-4o,True,False,False,10,True,,2,True,,2,0.0,"
theorem factorization_mul' {m n : ℕ} (mnez : m ≠ 0) (nnez : n ≠ 0) (p : ℕ) :
    (m * n).factorization p = m.factorization p + n.factorization p  := by
  rw [Nat.factorization_mul mnez nnez]
  rfl","
theorem factorization_mul' {m n : ℕ} (mnez : m ≠ 0) (nnez : n ≠ 0) (p : ℕ) :
    (m * n).factorization p = m.factorization p + n.factorization p  := by
  rw [Nat.factorization_mul mnez nnez]
  rfl",25.209913730621338
Tests,Tests/MIL/C05_Elementary_Number_Theory/solutions/Solutions_S01_Irrational_Roots.lean,"theorem factorization_pow' (n k p : ℕ) :
    (n ^ k).factorization p = k * n.factorization p ","best_of_n(refinement_n(prompt_flat, prev_data_num=1, keep_best=True))",5,LENGTH,gpt-4o,True,False,False,10,True,,2,True,,2,0.0,"
theorem factorization_pow' (n k p : ℕ) :
    (n ^ k).factorization p = k * n.factorization p  := by
  rw [Nat.factorization_pow]
  rfl","
theorem factorization_pow' (n k p : ℕ) :
    (n ^ k).factorization p = k * n.factorization p  := by
  rw [Nat.factorization_pow]
  rfl",17.599544048309326
Tests,Tests/MIL/C05_Elementary_Number_Theory/solutions/Solutions_S01_Irrational_Roots.lean,"theorem factorization_pow' (n k p : ℕ) :
    (n ^ k).factorization p = k * n.factorization p ","best_of_n(refinement_n(prompt_flat, prev_data_num=1, keep_best=True))",3,LENGTH,gpt-4o,True,False,False,10,True,,2,True,,2,0.0,"
theorem factorization_pow' (n k p : ℕ) :
    (n ^ k).factorization p = k * n.factorization p  := by
  rw [Nat.factorization_pow]
  rfl","
theorem factorization_pow' (n k p : ℕ) :
    (n ^ k).factorization p = k * n.factorization p  := by
  rw [Nat.factorization_pow]
  rfl",26.158638954162598
Tests,Tests/MIL/C05_Elementary_Number_Theory/solutions/Solutions_S01_Irrational_Roots.lean,"theorem Nat.Prime.factorization' {p : ℕ} (prime_p : p.Prime) :
    p.factorization p = 1 ","best_of_n(refinement_n(prompt_flat, prev_data_num=1, keep_best=True))",5,LENGTH,gpt-4o,True,False,False,10,True,,2,True,,1,-0.5,"
theorem Nat.Prime.factorization' {p : ℕ} (prime_p : p.Prime) :
    p.factorization p = 1  := by
  rw [prime_p.factorization]
  simp","
theorem Nat.Prime.factorization' {p : ℕ} (prime_p : p.Prime) :
    p.factorization p = 1   := by
  rw [prime_p.factorization, Finsupp.single_eq_same]",15.684969902038574
Tests,Tests/MIL/C05_Elementary_Number_Theory/solutions/Solutions_S01_Irrational_Roots.lean,"theorem Nat.Prime.factorization' {p : ℕ} (prime_p : p.Prime) :
    p.factorization p = 1 ","best_of_n(refinement_n(prompt_flat, prev_data_num=1, keep_best=True))",3,LENGTH,gpt-4o,True,False,False,10,True,,2,True,,1,-0.5,"
theorem Nat.Prime.factorization' {p : ℕ} (prime_p : p.Prime) :
    p.factorization p = 1  := by
  rw [prime_p.factorization]
  simp","
theorem Nat.Prime.factorization' {p : ℕ} (prime_p : p.Prime) :
    p.factorization p = 1   := by
  rw [prime_p.factorization, Finsupp.single_eq_same]",26.299301862716675
Tests,Tests/MIL/C05_Elementary_Number_Theory/solutions/Solutions_S01_Irrational_Roots.lean,example {m n p : ℕ} (nnz : n ≠ 0) (prime_p : p.Prime) : m ^ 2 ≠ p * n ^ 2 ,"best_of_n(refinement_n(prompt_flat, prev_data_num=1, keep_best=True))",5,LENGTH,gpt-4o,True,False,False,10,True,,11,True,,11,0.0,"
example {m n p : ℕ} (nnz : n ≠ 0) (prime_p : p.Prime) : m ^ 2 ≠ p * n ^ 2  := by
  intro sqr_eq
  have nsqr_nez : n ^ 2 ≠ 0 := by simpa
  have eq1 : Nat.factorization (m ^ 2) p = 2 * m.factorization p := by
    rw [factorization_pow']
  have eq2 : (p * n ^ 2).factorization p = 2 * n.factorization p + 1 := by
    rw [factorization_mul' prime_p.ne_zero nsqr_nez, prime_p.factorization', factorization_pow',
      add_comm]
  have : 2 * m.factorization p % 2 = (2 * n.factorization p + 1) % 2 := by
    rw [← eq1, sqr_eq, eq2]
  rw [add_comm, Nat.add_mul_mod_self_left, Nat.mul_mod_right] at this
  norm_num at this","
example {m n p : ℕ} (nnz : n ≠ 0) (prime_p : p.Prime) : m ^ 2 ≠ p * n ^ 2  := by
  intro sqr_eq
  have nsqr_nez : n ^ 2 ≠ 0 := by simpa
  have eq1 : Nat.factorization (m ^ 2) p = 2 * m.factorization p := by
    rw [factorization_pow']
  have eq2 : (p * n ^ 2).factorization p = 2 * n.factorization p + 1 := by
    rw [factorization_mul' prime_p.ne_zero nsqr_nez, prime_p.factorization', factorization_pow',
      add_comm]
  have : 2 * m.factorization p % 2 = (2 * n.factorization p + 1) % 2 := by
    rw [← eq1, sqr_eq, eq2]
  rw [add_comm, Nat.add_mul_mod_self_left, Nat.mul_mod_right] at this
  norm_num at this",24.099627017974854
Tests,Tests/MIL/C05_Elementary_Number_Theory/solutions/Solutions_S01_Irrational_Roots.lean,example {m n p : ℕ} (nnz : n ≠ 0) (prime_p : p.Prime) : m ^ 2 ≠ p * n ^ 2 ,"best_of_n(refinement_n(prompt_flat, prev_data_num=1, keep_best=True))",3,LENGTH,gpt-4o,True,False,False,10,True,,11,True,,11,0.0,"
example {m n p : ℕ} (nnz : n ≠ 0) (prime_p : p.Prime) : m ^ 2 ≠ p * n ^ 2  := by
  intro sqr_eq
  have nsqr_nez : n ^ 2 ≠ 0 := by simpa
  have eq1 : Nat.factorization (m ^ 2) p = 2 * m.factorization p := by
    rw [factorization_pow']
  have eq2 : (p * n ^ 2).factorization p = 2 * n.factorization p + 1 := by
    rw [factorization_mul' prime_p.ne_zero nsqr_nez, prime_p.factorization', factorization_pow',
      add_comm]
  have : 2 * m.factorization p % 2 = (2 * n.factorization p + 1) % 2 := by
    rw [← eq1, sqr_eq, eq2]
  rw [add_comm, Nat.add_mul_mod_self_left, Nat.mul_mod_right] at this
  norm_num at this","
example {m n p : ℕ} (nnz : n ≠ 0) (prime_p : p.Prime) : m ^ 2 ≠ p * n ^ 2  := by
  intro sqr_eq
  have nsqr_nez : n ^ 2 ≠ 0 := by simpa
  have eq1 : Nat.factorization (m ^ 2) p = 2 * m.factorization p := by
    rw [factorization_pow']
  have eq2 : (p * n ^ 2).factorization p = 2 * n.factorization p + 1 := by
    rw [factorization_mul' prime_p.ne_zero nsqr_nez, prime_p.factorization', factorization_pow',
      add_comm]
  have : 2 * m.factorization p % 2 = (2 * n.factorization p + 1) % 2 := by
    rw [← eq1, sqr_eq, eq2]
  rw [add_comm, Nat.add_mul_mod_self_left, Nat.mul_mod_right] at this
  norm_num at this",38.329405069351196
Tests,Tests/MIL/C05_Elementary_Number_Theory/solutions/Solutions_S01_Irrational_Roots.lean,"example {m n k r : ℕ} (nnz : n ≠ 0) (pow_eq : m ^ k = r * n ^ k) {p : ℕ} :
    k ∣ r.factorization p ","best_of_n(refinement_n(prompt_flat, prev_data_num=1, keep_best=True))",5,LENGTH,gpt-4o,True,False,False,10,True,,13,True,,13,0.0,"
example {m n k r : ℕ} (nnz : n ≠ 0) (pow_eq : m ^ k = r * n ^ k) {p : ℕ} :
    k ∣ r.factorization p  := by
  rcases r with _ | r
  · simp
  have npow_nz : n ^ k ≠ 0 := fun npowz ↦ nnz (pow_eq_zero npowz)
  have eq1 : (m ^ k).factorization p = k * m.factorization p := by
    rw [factorization_pow']
  have eq2 : ((r + 1) * n ^ k).factorization p =
      k * n.factorization p + (r + 1).factorization p := by
    rw [factorization_mul' r.succ_ne_zero npow_nz, factorization_pow', add_comm]
  have : r.succ.factorization p = k * m.factorization p - k * n.factorization p := by
    rw [← eq1, pow_eq, eq2, add_comm, Nat.add_sub_cancel]
  rw [this]
  apply Nat.dvd_sub' <;>
  apply Nat.dvd_mul_right","
example {m n k r : ℕ} (nnz : n ≠ 0) (pow_eq : m ^ k = r * n ^ k) {p : ℕ} :
    k ∣ r.factorization p  := by
  rcases r with _ | r
  · simp
  have npow_nz : n ^ k ≠ 0 := fun npowz ↦ nnz (pow_eq_zero npowz)
  have eq1 : (m ^ k).factorization p = k * m.factorization p := by
    rw [factorization_pow']
  have eq2 : ((r + 1) * n ^ k).factorization p =
      k * n.factorization p + (r + 1).factorization p := by
    rw [factorization_mul' r.succ_ne_zero npow_nz, factorization_pow', add_comm]
  have : r.succ.factorization p = k * m.factorization p - k * n.factorization p := by
    rw [← eq1, pow_eq, eq2, add_comm, Nat.add_sub_cancel]
  rw [this]
  apply Nat.dvd_sub' <;>
  apply Nat.dvd_mul_right",26.66668701171875
Tests,Tests/MIL/C05_Elementary_Number_Theory/solutions/Solutions_S01_Irrational_Roots.lean,"example {m n k r : ℕ} (nnz : n ≠ 0) (pow_eq : m ^ k = r * n ^ k) {p : ℕ} :
    k ∣ r.factorization p ","best_of_n(refinement_n(prompt_flat, prev_data_num=1, keep_best=True))",3,LENGTH,gpt-4o,True,False,False,10,True,,13,True,,13,0.0,"
example {m n k r : ℕ} (nnz : n ≠ 0) (pow_eq : m ^ k = r * n ^ k) {p : ℕ} :
    k ∣ r.factorization p  := by
  rcases r with _ | r
  · simp
  have npow_nz : n ^ k ≠ 0 := fun npowz ↦ nnz (pow_eq_zero npowz)
  have eq1 : (m ^ k).factorization p = k * m.factorization p := by
    rw [factorization_pow']
  have eq2 : ((r + 1) * n ^ k).factorization p =
      k * n.factorization p + (r + 1).factorization p := by
    rw [factorization_mul' r.succ_ne_zero npow_nz, factorization_pow', add_comm]
  have : r.succ.factorization p = k * m.factorization p - k * n.factorization p := by
    rw [← eq1, pow_eq, eq2, add_comm, Nat.add_sub_cancel]
  rw [this]
  apply Nat.dvd_sub' <;>
  apply Nat.dvd_mul_right","
example {m n k r : ℕ} (nnz : n ≠ 0) (pow_eq : m ^ k = r * n ^ k) {p : ℕ} :
    k ∣ r.factorization p  := by
  rcases r with _ | r
  · simp
  have npow_nz : n ^ k ≠ 0 := fun npowz ↦ nnz (pow_eq_zero npowz)
  have eq1 : (m ^ k).factorization p = k * m.factorization p := by
    rw [factorization_pow']
  have eq2 : ((r + 1) * n ^ k).factorization p =
      k * n.factorization p + (r + 1).factorization p := by
    rw [factorization_mul' r.succ_ne_zero npow_nz, factorization_pow', add_comm]
  have : r.succ.factorization p = k * m.factorization p - k * n.factorization p := by
    rw [← eq1, pow_eq, eq2, add_comm, Nat.add_sub_cancel]
  rw [this]
  apply Nat.dvd_sub' <;>
  apply Nat.dvd_mul_right",34.99554204940796
Tests,Tests/MIL/C03_Logic/solutions/Solutions_S01_Implication_and_the_Universal_Quantifier.lean,"theorem my_lemma4 :
    ∀ {x y ε : ℝ}, 0 < ε → ε ≤ 1 → |x| < ε → |y| < ε → |x * y| < ε ","best_of_n(refinement_n(prompt_flat, prev_data_num=1, keep_best=True))",5,LENGTH,gpt-4o,True,False,False,10,True,,11,True,,11,0.0,"
theorem my_lemma4 :
    ∀ {x y ε : ℝ}, 0 < ε → ε ≤ 1 → |x| < ε → |y| < ε → |x * y| < ε  := by
  intro x y ε epos ele1 xlt ylt
  calc
    |x * y| = |x| * |y| := by apply abs_mul
    _ ≤ |x| * ε := by apply mul_le_mul; linarith; linarith; apply abs_nonneg; apply abs_nonneg;
    _ < 1 * ε := by rw [mul_lt_mul_right epos]; linarith
    _ = ε := by apply one_mul","
theorem my_lemma4 :
    ∀ {x y ε : ℝ}, 0 < ε → ε ≤ 1 → |x| < ε → |y| < ε → |x * y| < ε  := by
  intro x y ε epos ele1 xlt ylt
  calc
    |x * y| = |x| * |y| := by apply abs_mul
    _ ≤ |x| * ε := by apply mul_le_mul; linarith; linarith; apply abs_nonneg; apply abs_nonneg;
    _ < 1 * ε := by rw [mul_lt_mul_right epos]; linarith
    _ = ε := by apply one_mul",19.64172387123108
Tests,Tests/MIL/C03_Logic/solutions/Solutions_S01_Implication_and_the_Universal_Quantifier.lean,"theorem my_lemma4 :
    ∀ {x y ε : ℝ}, 0 < ε → ε ≤ 1 → |x| < ε → |y| < ε → |x * y| < ε ","best_of_n(refinement_n(prompt_flat, prev_data_num=1, keep_best=True))",3,LENGTH,gpt-4o,True,False,False,10,True,,11,True,,11,0.0,"
theorem my_lemma4 :
    ∀ {x y ε : ℝ}, 0 < ε → ε ≤ 1 → |x| < ε → |y| < ε → |x * y| < ε  := by
  intro x y ε epos ele1 xlt ylt
  calc
    |x * y| = |x| * |y| := by apply abs_mul
    _ ≤ |x| * ε := by apply mul_le_mul; linarith; linarith; apply abs_nonneg; apply abs_nonneg;
    _ < 1 * ε := by rw [mul_lt_mul_right epos]; linarith
    _ = ε := by apply one_mul","
theorem my_lemma4 :
    ∀ {x y ε : ℝ}, 0 < ε → ε ≤ 1 → |x| < ε → |y| < ε → |x * y| < ε  := by
  intro x y ε epos ele1 xlt ylt
  calc
    |x * y| = |x| * |y| := by apply abs_mul
    _ ≤ |x| * ε := by apply mul_le_mul; linarith; linarith; apply abs_nonneg; apply abs_nonneg;
    _ < 1 * ε := by rw [mul_lt_mul_right epos]; linarith
    _ = ε := by apply one_mul",30.329843997955322
Tests,Tests/MIL/C03_Logic/solutions/Solutions_S01_Implication_and_the_Universal_Quantifier.lean,example (hfa : FnLb f a) (hgb : FnLb g b) : FnLb (fun x ↦ f x + g x) (a + b) ,"best_of_n(refinement_n(prompt_flat, prev_data_num=1, keep_best=True))",5,LENGTH,gpt-4o,True,False,False,10,True,,4,True,,1,-0.75,"
example (hfa : FnLb f a) (hgb : FnLb g b) : FnLb (fun x ↦ f x + g x) (a + b)  := by
  intro x
  apply add_le_add
  apply hfa
  apply hgb","
example (hfa : FnLb f a) (hgb : FnLb g b) : FnLb (fun x ↦ f x + g x) (a + b)    := by
  exact fun x => add_le_add (hfa x) (hgb x)",18.55736804008484
Tests,Tests/MIL/C03_Logic/solutions/Solutions_S01_Implication_and_the_Universal_Quantifier.lean,example (hfa : FnLb f a) (hgb : FnLb g b) : FnLb (fun x ↦ f x + g x) (a + b) ,"best_of_n(refinement_n(prompt_flat, prev_data_num=1, keep_best=True))",3,LENGTH,gpt-4o,True,False,False,10,True,,4,True,,1,-0.75,"
example (hfa : FnLb f a) (hgb : FnLb g b) : FnLb (fun x ↦ f x + g x) (a + b)  := by
  intro x
  apply add_le_add
  apply hfa
  apply hgb","
example (hfa : FnLb f a) (hgb : FnLb g b) : FnLb (fun x ↦ f x + g x) (a + b)   := by
  exact fun x => add_le_add (hfa x) (hgb x)",27.134031772613525
Tests,Tests/MIL/C03_Logic/solutions/Solutions_S01_Implication_and_the_Universal_Quantifier.lean,example (nnf : FnLb f 0) (nng : FnLb g 0) : FnLb (fun x ↦ f x * g x) 0 ,"best_of_n(refinement_n(prompt_flat, prev_data_num=1, keep_best=True))",5,LENGTH,gpt-4o,True,False,False,10,True,,4,True,,2,-0.5,"
example (nnf : FnLb f 0) (nng : FnLb g 0) : FnLb (fun x ↦ f x * g x) 0  := by
  intro x
  apply mul_nonneg
  apply nnf
  apply nng","
example (nnf : FnLb f 0) (nng : FnLb g 0) : FnLb (fun x ↦ f x * g x) 0   := by
  intro x
  apply mul_nonneg (nnf x) (nng x)",16.458289861679077
Tests,Tests/MIL/C03_Logic/solutions/Solutions_S01_Implication_and_the_Universal_Quantifier.lean,example (nnf : FnLb f 0) (nng : FnLb g 0) : FnLb (fun x ↦ f x * g x) 0 ,"best_of_n(refinement_n(prompt_flat, prev_data_num=1, keep_best=True))",3,LENGTH,gpt-4o,True,False,False,10,True,,4,True,,1,-0.75,"
example (nnf : FnLb f 0) (nng : FnLb g 0) : FnLb (fun x ↦ f x * g x) 0  := by
  intro x
  apply mul_nonneg
  apply nnf
  apply nng","
example (nnf : FnLb f 0) (nng : FnLb g 0) : FnLb (fun x ↦ f x * g x) 0    := by
  exact fun x => mul_nonneg (nnf x) (nng x)",27.990453004837036
Tests,Tests/MIL/C03_Logic/solutions/Solutions_S01_Implication_and_the_Universal_Quantifier.lean,"example (hfa : FnUb f a) (hgb : FnUb g b) (nng : FnLb g 0) (nna : 0 ≤ a) :
    FnUb (fun x ↦ f x * g x) (a * b) ","best_of_n(refinement_n(prompt_flat, prev_data_num=1, keep_best=True))",5,LENGTH,gpt-4o,True,False,False,10,True,,6,True,,1,-0.8333333333333334,"
example (hfa : FnUb f a) (hgb : FnUb g b) (nng : FnLb g 0) (nna : 0 ≤ a) :
    FnUb (fun x ↦ f x * g x) (a * b)  := by
  intro x
  apply mul_le_mul
  apply hfa
  apply hgb
  apply nng
  apply nna","
example (hfa : FnUb f a) (hgb : FnUb g b) (nng : FnLb g 0) (nna : 0 ≤ a) :
    FnUb (fun x ↦ f x * g x) (a * b)    := by
  exact fun x => mul_le_mul (hfa x) (hgb x) (nng x) nna",21.309470891952515
Tests,Tests/MIL/C03_Logic/solutions/Solutions_S01_Implication_and_the_Universal_Quantifier.lean,"example (hfa : FnUb f a) (hgb : FnUb g b) (nng : FnLb g 0) (nna : 0 ≤ a) :
    FnUb (fun x ↦ f x * g x) (a * b) ","best_of_n(refinement_n(prompt_flat, prev_data_num=1, keep_best=True))",3,LENGTH,gpt-4o,True,False,False,10,True,,6,True,,1,-0.8333333333333334,"
example (hfa : FnUb f a) (hgb : FnUb g b) (nng : FnLb g 0) (nna : 0 ≤ a) :
    FnUb (fun x ↦ f x * g x) (a * b)  := by
  intro x
  apply mul_le_mul
  apply hfa
  apply hgb
  apply nng
  apply nna","
example (hfa : FnUb f a) (hgb : FnUb g b) (nng : FnLb g 0) (nna : 0 ≤ a) :
    FnUb (fun x ↦ f x * g x) (a * b)    := by
  exact fun x => mul_le_mul (hfa x) (hgb x) (nng x) nna",24.79807209968567
Tests,Tests/MIL/C03_Logic/solutions/Solutions_S01_Implication_and_the_Universal_Quantifier.lean,example {c : ℝ} (mf : Monotone f) (nnc : 0 ≤ c) : Monotone fun x ↦ c * f x ,"best_of_n(refinement_n(prompt_flat, prev_data_num=1, keep_best=True))",5,LENGTH,gpt-4o,True,False,False,10,True,,3,True,,2,-0.3333333333333333,"
example {c : ℝ} (mf : Monotone f) (nnc : 0 ≤ c) : Monotone fun x ↦ c * f x  := by
  intro a b aleb
  apply mul_le_mul_of_nonneg_left _ nnc
  apply mf aleb","
example {c : ℝ} (mf : Monotone f) (nnc : 0 ≤ c) : Monotone fun x ↦ c * f x   := by
  intro a b aleb
  apply mul_le_mul_of_nonneg_left (mf aleb) nnc",18.27721095085144
Tests,Tests/MIL/C03_Logic/solutions/Solutions_S01_Implication_and_the_Universal_Quantifier.lean,example {c : ℝ} (mf : Monotone f) (nnc : 0 ≤ c) : Monotone fun x ↦ c * f x ,"best_of_n(refinement_n(prompt_flat, prev_data_num=1, keep_best=True))",3,LENGTH,gpt-4o,True,False,False,10,True,,3,True,,1,-0.6666666666666666,"
example {c : ℝ} (mf : Monotone f) (nnc : 0 ≤ c) : Monotone fun x ↦ c * f x  := by
  intro a b aleb
  apply mul_le_mul_of_nonneg_left _ nnc
  apply mf aleb","
example {c : ℝ} (mf : Monotone f) (nnc : 0 ≤ c) : Monotone fun x ↦ c * f x    := by
  exact fun a b aleb => mul_le_mul_of_nonneg_left (mf aleb) nnc",29.34650206565857
Tests,Tests/MIL/C03_Logic/solutions/Solutions_S01_Implication_and_the_Universal_Quantifier.lean,example (mf : Monotone f) (mg : Monotone g) : Monotone fun x ↦ f (g x) ,"best_of_n(refinement_n(prompt_flat, prev_data_num=1, keep_best=True))",5,LENGTH,gpt-4o,True,False,False,10,True,,4,True,,1,-0.75,"
example (mf : Monotone f) (mg : Monotone g) : Monotone fun x ↦ f (g x)  := by
  intro a b aleb
  apply mf
  apply mg
  apply aleb","
example (mf : Monotone f) (mg : Monotone g) : Monotone fun x ↦ f (g x)    := by
  exact fun a b aleb => mf (mg aleb)",23.237185955047607
Tests,Tests/MIL/C03_Logic/solutions/Solutions_S01_Implication_and_the_Universal_Quantifier.lean,example (mf : Monotone f) (mg : Monotone g) : Monotone fun x ↦ f (g x) ,"best_of_n(refinement_n(prompt_flat, prev_data_num=1, keep_best=True))",3,LENGTH,gpt-4o,True,False,False,10,True,,4,True,,1,-0.75,"
example (mf : Monotone f) (mg : Monotone g) : Monotone fun x ↦ f (g x)  := by
  intro a b aleb
  apply mf
  apply mg
  apply aleb","
example (mf : Monotone f) (mg : Monotone g) : Monotone fun x ↦ f (g x)     := by
  exact fun a b aleb => mf (mg aleb)",26.941922903060913
Tests,Tests/MIL/C03_Logic/solutions/Solutions_S01_Implication_and_the_Universal_Quantifier.lean,example (of : FnOdd f) (og : FnOdd g) : FnEven fun x ↦ f x * g x ,"best_of_n(refinement_n(prompt_flat, prev_data_num=1, keep_best=True))",5,LENGTH,gpt-4o,True,False,False,10,True,,3,True,,3,0.0,"
example (of : FnOdd f) (og : FnOdd g) : FnEven fun x ↦ f x * g x  := by
  intro x
  calc
    (fun x ↦ f x * g x) x = f x * g x := rfl
    _ = f (-x) * g (-x) := by rw [of, og, neg_mul_neg]","
example (of : FnOdd f) (og : FnOdd g) : FnEven fun x ↦ f x * g x  := by
  intro x
  calc
    (fun x ↦ f x * g x) x = f x * g x := rfl
    _ = f (-x) * g (-x) := by rw [of, og, neg_mul_neg]",20.49356698989868
Tests,Tests/MIL/C03_Logic/solutions/Solutions_S01_Implication_and_the_Universal_Quantifier.lean,example (of : FnOdd f) (og : FnOdd g) : FnEven fun x ↦ f x * g x ,"best_of_n(refinement_n(prompt_flat, prev_data_num=1, keep_best=True))",3,LENGTH,gpt-4o,True,False,False,10,True,,3,True,,3,0.0,"
example (of : FnOdd f) (og : FnOdd g) : FnEven fun x ↦ f x * g x  := by
  intro x
  calc
    (fun x ↦ f x * g x) x = f x * g x := rfl
    _ = f (-x) * g (-x) := by rw [of, og, neg_mul_neg]","
example (of : FnOdd f) (og : FnOdd g) : FnEven fun x ↦ f x * g x  := by
  intro x
  calc
    (fun x ↦ f x * g x) x = f x * g x := rfl
    _ = f (-x) * g (-x) := by rw [of, og, neg_mul_neg]",39.205751180648804
Tests,Tests/MIL/C03_Logic/solutions/Solutions_S01_Implication_and_the_Universal_Quantifier.lean,example (ef : FnEven f) (og : FnOdd g) : FnOdd fun x ↦ f x * g x ,"best_of_n(refinement_n(prompt_flat, prev_data_num=1, keep_best=True))",5,LENGTH,gpt-4o,True,False,False,10,True,,3,True,,3,0.0,"
example (ef : FnEven f) (og : FnOdd g) : FnOdd fun x ↦ f x * g x  := by
  intro x
  dsimp
  rw [ef, og, neg_mul_eq_mul_neg]","
example (ef : FnEven f) (og : FnOdd g) : FnOdd fun x ↦ f x * g x  := by
  intro x
  dsimp
  rw [ef, og, neg_mul_eq_mul_neg]",19.565199851989746
Tests,Tests/MIL/C03_Logic/solutions/Solutions_S01_Implication_and_the_Universal_Quantifier.lean,example (ef : FnEven f) (og : FnOdd g) : FnOdd fun x ↦ f x * g x ,"best_of_n(refinement_n(prompt_flat, prev_data_num=1, keep_best=True))",3,LENGTH,gpt-4o,True,False,False,10,True,,3,True,,3,0.0,"
example (ef : FnEven f) (og : FnOdd g) : FnOdd fun x ↦ f x * g x  := by
  intro x
  dsimp
  rw [ef, og, neg_mul_eq_mul_neg]","
example (ef : FnEven f) (og : FnOdd g) : FnOdd fun x ↦ f x * g x  := by
  intro x
  dsimp
  rw [ef, og, neg_mul_eq_mul_neg]",30.102856874465942
Tests,Tests/MIL/C03_Logic/solutions/Solutions_S01_Implication_and_the_Universal_Quantifier.lean,example (ef : FnEven f) (og : FnOdd g) : FnEven fun x ↦ f (g x) ,"best_of_n(refinement_n(prompt_flat, prev_data_num=1, keep_best=True))",5,LENGTH,gpt-4o,True,False,False,10,True,,3,True,,3,0.0,"
example (ef : FnEven f) (og : FnOdd g) : FnEven fun x ↦ f (g x)  := by
  intro x
  dsimp
  rw [og, ← ef]","
example (ef : FnEven f) (og : FnOdd g) : FnEven fun x ↦ f (g x)  := by
  intro x
  dsimp
  rw [og, ← ef]",22.969023942947388
Tests,Tests/MIL/C03_Logic/solutions/Solutions_S01_Implication_and_the_Universal_Quantifier.lean,example (ef : FnEven f) (og : FnOdd g) : FnEven fun x ↦ f (g x) ,"best_of_n(refinement_n(prompt_flat, prev_data_num=1, keep_best=True))",3,LENGTH,gpt-4o,True,False,False,10,True,,3,True,,3,0.0,"
example (ef : FnEven f) (og : FnOdd g) : FnEven fun x ↦ f (g x)  := by
  intro x
  dsimp
  rw [og, ← ef]","
example (ef : FnEven f) (og : FnOdd g) : FnEven fun x ↦ f (g x)  := by
  intro x
  dsimp
  rw [og, ← ef]",30.212794065475464
Tests,Tests/MIL/C03_Logic/solutions/Solutions_S01_Implication_and_the_Universal_Quantifier.lean,example : r ⊆ s → s ⊆ t → r ⊆ t ,"best_of_n(refinement_n(prompt_flat, prev_data_num=1, keep_best=True))",5,LENGTH,gpt-4o,True,False,False,10,True,,4,True,,2,-0.5,"
example : r ⊆ s → s ⊆ t → r ⊆ t  := by
  intro rsubs ssubt x xr
  apply ssubt
  apply rsubs
  apply xr","
example : r ⊆ s → s ⊆ t → r ⊆ t   := by
  rintro rsubs ssubt x xr
  exact ssubt (rsubs xr)",19.570178747177124
Tests,Tests/MIL/C03_Logic/solutions/Solutions_S01_Implication_and_the_Universal_Quantifier.lean,example : r ⊆ s → s ⊆ t → r ⊆ t ,"best_of_n(refinement_n(prompt_flat, prev_data_num=1, keep_best=True))",3,LENGTH,gpt-4o,True,False,False,10,True,,4,True,,2,-0.5,"
example : r ⊆ s → s ⊆ t → r ⊆ t  := by
  intro rsubs ssubt x xr
  apply ssubt
  apply rsubs
  apply xr","
example : r ⊆ s → s ⊆ t → r ⊆ t   := by
  rintro rsubs ssubt x xr
  exact ssubt (rsubs xr)",33.286360025405884
Tests,Tests/MIL/C03_Logic/solutions/Solutions_S01_Implication_and_the_Universal_Quantifier.lean,example (h : SetUb s a) (h' : a ≤ b) : SetUb s b ,"best_of_n(refinement_n(prompt_flat, prev_data_num=1, keep_best=True))",5,LENGTH,gpt-4o,True,False,False,10,True,,2,True,,2,0.0,"
example (h : SetUb s a) (h' : a ≤ b) : SetUb s b  := by
  intro x xs
  apply le_trans (h x xs) h'","
example (h : SetUb s a) (h' : a ≤ b) : SetUb s b  := by
  intro x xs
  apply le_trans (h x xs) h'",16.720802068710327
Tests,Tests/MIL/C03_Logic/solutions/Solutions_S01_Implication_and_the_Universal_Quantifier.lean,example (h : SetUb s a) (h' : a ≤ b) : SetUb s b ,"best_of_n(refinement_n(prompt_flat, prev_data_num=1, keep_best=True))",3,LENGTH,gpt-4o,True,False,False,10,True,,2,True,,2,0.0,"
example (h : SetUb s a) (h' : a ≤ b) : SetUb s b  := by
  intro x xs
  apply le_trans (h x xs) h'","
example (h : SetUb s a) (h' : a ≤ b) : SetUb s b  := by
  intro x xs
  apply le_trans (h x xs) h'",27.468448162078857
Tests,Tests/MIL/C03_Logic/solutions/Solutions_S01_Implication_and_the_Universal_Quantifier.lean,example {c : ℝ} (h : c ≠ 0) : Injective fun x ↦ c * x ,"best_of_n(refinement_n(prompt_flat, prev_data_num=1, keep_best=True))",5,LENGTH,gpt-4o,True,False,False,10,True,,2,True,,2,0.0,"
example {c : ℝ} (h : c ≠ 0) : Injective fun x ↦ c * x  := by
  intro x₁ x₂ h'
  apply (mul_right_inj' h).mp h'","
example {c : ℝ} (h : c ≠ 0) : Injective fun x ↦ c * x  := by
  intro x₁ x₂ h'
  apply (mul_right_inj' h).mp h'",19.322006225585938
Tests,Tests/MIL/C03_Logic/solutions/Solutions_S01_Implication_and_the_Universal_Quantifier.lean,example {c : ℝ} (h : c ≠ 0) : Injective fun x ↦ c * x ,"best_of_n(refinement_n(prompt_flat, prev_data_num=1, keep_best=True))",3,LENGTH,gpt-4o,True,False,False,10,True,,2,True,,1,-0.5,"
example {c : ℝ} (h : c ≠ 0) : Injective fun x ↦ c * x  := by
  intro x₁ x₂ h'
  apply (mul_right_inj' h).mp h'","
example {c : ℝ} (h : c ≠ 0) : Injective fun x ↦ c * x   := by
  exact fun x₁ x₂ h' => (mul_right_inj' h).mp h'",28.754963159561157
Tests,Tests/MIL/C03_Logic/solutions/Solutions_S01_Implication_and_the_Universal_Quantifier.lean,example (injg : Injective g) (injf : Injective f) : Injective fun x ↦ g (f x) ,"best_of_n(refinement_n(prompt_flat, prev_data_num=1, keep_best=True))",5,LENGTH,gpt-4o,True,False,False,10,True,,4,True,,2,-0.5,"
example (injg : Injective g) (injf : Injective f) : Injective fun x ↦ g (f x)  := by
  intro x₁ x₂ h
  apply injf
  apply injg
  apply h","
example (injg : Injective g) (injf : Injective f) : Injective fun x ↦ g (f x)   := by
  intro x₁ x₂ h
  apply injf (injg h)",22.129333019256592
Tests,Tests/MIL/C03_Logic/solutions/Solutions_S01_Implication_and_the_Universal_Quantifier.lean,example (injg : Injective g) (injf : Injective f) : Injective fun x ↦ g (f x) ,"best_of_n(refinement_n(prompt_flat, prev_data_num=1, keep_best=True))",3,LENGTH,gpt-4o,True,False,False,10,True,,4,True,,1,-0.75,"
example (injg : Injective g) (injf : Injective f) : Injective fun x ↦ g (f x)  := by
  intro x₁ x₂ h
  apply injf
  apply injg
  apply h","
example (injg : Injective g) (injf : Injective f) : Injective fun x ↦ g (f x)    := by
  exact fun x₁ x₂ h ↦ injf (injg h)",26.581599950790405
