repo,file,decl,method,n,metric,trajectory_position,model,annotation,syntax_search,mathlib_search,examples,improved_context,correct,errors,score,raw
PrimeNumberTheoremAnd,PrimeNumberTheoremAnd/Wiener.lean," theorem first_fourier_aux2a :
    (2 : ℂ) * π * -(y * (1 / (2 * π) * Real.log ((n) / x))) = -(y * ((n) / x).log)  ","refinement(best_of_n_n(prompt_flat), prev_data_num=1, keep_best=True)",5,LENGTH,/refine(5; curr = 0)/BoN(3)/,gpt-4o,True,True,True,10,False,False,"tactic 'rewrite' failed, did not find instance of the pattern in the target expression
  ?m.39722 / ?m.39722
n : ℕ
x y : ℝ
⊢ -(↑π * ↑y * (↑π)⁻¹ * ↑(Real.log (↑n * x⁻¹))) = -(↑y * ↑(Real.log (↑n * x⁻¹)))
	at:   rw [div_self (by norm_num; exact pi_ne_zero), one_mul]",,"lemma first_fourier_aux2a :
    (2 : ℂ) * π * -(y * (1 / (2 * π) * Real.log ((n) / x))) = -(y * ((n) / x).log)  := by
  ring
  rw [div_self (by norm_num; exact pi_ne_zero), one_mul]"
PrimeNumberTheoremAnd,PrimeNumberTheoremAnd/Wiener.lean," theorem first_fourier_aux2a :
    (2 : ℂ) * π * -(y * (1 / (2 * π) * Real.log ((n) / x))) = -(y * ((n) / x).log)  ","refinement(best_of_n_n(prompt_flat), prev_data_num=1, keep_best=True)",5,LENGTH,/refine(5; curr = 0)/BoN(3)/,gpt-4o,True,True,True,10,False,False,"tactic 'rewrite' failed, did not find instance of the pattern in the target expression
  ?m.39722 / ?m.39722
n : ℕ
x y : ℝ
⊢ -(↑π * ↑y * (↑π)⁻¹ * ↑(Real.log (↑n * x⁻¹))) = -(↑y * ↑(Real.log (↑n * x⁻¹)))
	at:   rw [div_self (by norm_num; exact pi_ne_zero), one_mul]",,"lemma first_fourier_aux2a :
    (2 : ℂ) * π * -(y * (1 / (2 * π) * Real.log ((n) / x))) = -(y * ((n) / x).log)  := by
  ring
  rw [div_self (by norm_num; exact pi_ne_zero), one_mul]"
PrimeNumberTheoremAnd,PrimeNumberTheoremAnd/Wiener.lean," theorem first_fourier_aux2a :
    (2 : ℂ) * π * -(y * (1 / (2 * π) * Real.log ((n) / x))) = -(y * ((n) / x).log)  ","refinement(best_of_n_n(prompt_flat), prev_data_num=1, keep_best=True)",5,LENGTH,/refine(5; curr = 0)/BoN(3)/,gpt-4o,True,True,True,10,False,False,"tactic 'rewrite' failed, did not find instance of the pattern in the target expression
  ?m.39299 / ?m.39299
n : ℕ
x y : ℝ
⊢ -(↑π * ↑y * (↑π)⁻¹ * ↑(Real.log (↑n * x⁻¹))) = -(↑y * ↑(Real.log (↑n * x⁻¹)))
	at:   rw [div_self (by norm_num; exact pi_ne_zero)]",,"lemma first_fourier_aux2a :
    (2 : ℂ) * π * -(y * (1 / (2 * π) * Real.log ((n) / x))) = -(y * ((n) / x).log)  := by
  ring_nf
  rw [div_self (by norm_num; exact pi_ne_zero)]"
PrimeNumberTheoremAnd,PrimeNumberTheoremAnd/Wiener.lean," theorem first_fourier_aux2a :
    (2 : ℂ) * π * -(y * (1 / (2 * π) * Real.log ((n) / x))) = -(y * ((n) / x).log)  ","refinement(best_of_n_n(prompt_flat), prev_data_num=1, keep_best=True)",5,LENGTH,/refine(5; curr = 1)/BoN(3)/,gpt-4o,True,True,True,10,False,False,"tactic 'rewrite' failed, did not find instance of the pattern in the target expression
  ?m.39299 / ?m.39299
n : ℕ
x y : ℝ
⊢ -(↑π * ↑y * (↑π)⁻¹ * ↑(Real.log (↑n * x⁻¹))) = -(↑y * ↑(Real.log (↑n * x⁻¹)))
	at:   rw [div_self (by norm_num; exact pi_ne_zero), one_mul]",,"lemma first_fourier_aux2a :
    (2 : ℂ) * π * -(y * (1 / (2 * π) * Real.log ((n) / x))) = -(y * ((n) / x).log)  := by
  ring_nf
  rw [div_self (by norm_num; exact pi_ne_zero), one_mul]"
PrimeNumberTheoremAnd,PrimeNumberTheoremAnd/Wiener.lean," theorem first_fourier_aux2a :
    (2 : ℂ) * π * -(y * (1 / (2 * π) * Real.log ((n) / x))) = -(y * ((n) / x).log)  ","refinement(best_of_n_n(prompt_flat), prev_data_num=1, keep_best=True)",5,LENGTH,/refine(5; curr = 1)/BoN(3)/,gpt-4o,True,True,True,10,False,False,"tactic 'rewrite' failed, did not find instance of the pattern in the target expression
  ?m.39299 / ?m.39299
n : ℕ
x y : ℝ
⊢ -(↑π * ↑y * (↑π)⁻¹ * ↑(Real.log (↑n * x⁻¹))) = -(↑y * ↑(Real.log (↑n * x⁻¹)))
	at:   rw [div_self (by norm_num; exact pi_ne_zero), one_mul]",,"lemma first_fourier_aux2a :
    (2 : ℂ) * π * -(y * (1 / (2 * π) * Real.log ((n) / x))) = -(y * ((n) / x).log)  := by
  ring_nf
  rw [div_self (by norm_num; exact pi_ne_zero), one_mul]"
PrimeNumberTheoremAnd,PrimeNumberTheoremAnd/Wiener.lean," theorem first_fourier_aux2a :
    (2 : ℂ) * π * -(y * (1 / (2 * π) * Real.log ((n) / x))) = -(y * ((n) / x).log)  ","refinement(best_of_n_n(prompt_flat), prev_data_num=1, keep_best=True)",5,LENGTH,/refine(5; curr = 1)/BoN(3)/,gpt-4o,True,True,True,10,False,False,"tactic 'rewrite' failed, did not find instance of the pattern in the target expression
  ?m.37420 / ?m.37420
n : ℕ
x y : ℝ
⊢ 2 * ↑π * -(↑y * (1 / (2 * ↑π)) * ↑(Real.log (↑n / x))) = -(↑y * ↑(Real.log (↑n / x)))
	at:   rw [← mul_assoc, div_self (by norm_num; exact pi_ne_zero), one_mul]",,"lemma first_fourier_aux2a :
    (2 : ℂ) * π * -(y * (1 / (2 * π) * Real.log ((n) / x))) = -(y * ((n) / x).log)  := by
  rw [← mul_assoc, div_self (by norm_num; exact pi_ne_zero), one_mul]"
PrimeNumberTheoremAnd,PrimeNumberTheoremAnd/Wiener.lean," theorem first_fourier_aux2a :
    (2 : ℂ) * π * -(y * (1 / (2 * π) * Real.log ((n) / x))) = -(y * ((n) / x).log)  ","refinement(best_of_n_n(prompt_flat), prev_data_num=1, keep_best=True)",5,LENGTH,/refine(5; curr = 2)/BoN(3)/,gpt-4o,True,True,True,10,False,True,,2.0,"lemma first_fourier_aux2a :
    (2 : ℂ) * π * -(y * (1 / (2 * π) * Real.log ((n) / x))) = -(y * ((n) / x).log)  := by
  ring_nf
  field_simp [Real.pi_ne_zero]"
PrimeNumberTheoremAnd,PrimeNumberTheoremAnd/Wiener.lean," theorem first_fourier_aux2a :
    (2 : ℂ) * π * -(y * (1 / (2 * π) * Real.log ((n) / x))) = -(y * ((n) / x).log)  ","refinement(best_of_n_n(prompt_flat), prev_data_num=1, keep_best=True)",5,LENGTH,/refine(5; curr = 2)/BoN(3)/,gpt-4o,True,True,True,10,False,False,"tactic 'rewrite' failed, did not find instance of the pattern in the target expression
  ?m.39299 / ?m.39299
n : ℕ
x y : ℝ
⊢ -(↑π * ↑y * (↑π)⁻¹ * ↑(Real.log (↑n * x⁻¹))) = -(↑y * ↑(Real.log (↑n * x⁻¹)))
	at:   rw [div_self (by norm_num; exact pi_ne_zero), one_mul]",,"lemma first_fourier_aux2a :
    (2 : ℂ) * π * -(y * (1 / (2 * π) * Real.log ((n) / x))) = -(y * ((n) / x).log)  := by
  ring_nf
  rw [div_self (by norm_num; exact pi_ne_zero), one_mul]"
PrimeNumberTheoremAnd,PrimeNumberTheoremAnd/Wiener.lean," theorem first_fourier_aux2a :
    (2 : ℂ) * π * -(y * (1 / (2 * π) * Real.log ((n) / x))) = -(y * ((n) / x).log)  ","refinement(best_of_n_n(prompt_flat), prev_data_num=1, keep_best=True)",5,LENGTH,/refine(5; curr = 2)/BoN(3)/,gpt-4o,True,True,True,10,False,False,"elaboration function for 'Lean.Parser.Term.suffices' has not been implemented
  failed to pretty print term (use 'set_option pp.rawOnError true' for raw representation)
	at:   suffices : (2 : ℂ) * π * -(y * (1 / (2 * π) * Real.log (n / x))) = -(y * (Real.log (n / x)))",,"lemma first_fourier_aux2a :
    (2 : ℂ) * π * -(y * (1 / (2 * π) * Real.log ((n) / x))) = -(y * ((n) / x).log)  := by
  suffices : (2 : ℂ) * π * -(y * (1 / (2 * π) * Real.log (n / x))) = -(y * (Real.log (n / x)))"
PrimeNumberTheoremAnd,PrimeNumberTheoremAnd/Wiener.lean,"theorem first_fourier_aux2a :
    (2 : ℂ) * π * -(y * (1 / (2 * π) * Real.log ((n) / x))) = -(y * ((n) / x).log)   ","refinement(best_of_n_n(prompt_flat), prev_data_num=1, keep_best=True)",5,LENGTH,/refine(5; curr = 3)/BoN(3)/,gpt-4o,True,True,True,10,False,True,,2.0," theorem first_fourier_aux2a :
    (2 : ℂ) * π * -(y * (1 / (2 * π) * Real.log ((n) / x))) = -(y * ((n) / x).log)   := by
  ring_nf
  field_simp [Real.pi_ne_zero]"
PrimeNumberTheoremAnd,PrimeNumberTheoremAnd/Wiener.lean,"theorem first_fourier_aux2a :
    (2 : ℂ) * π * -(y * (1 / (2 * π) * Real.log ((n) / x))) = -(y * ((n) / x).log)   ","refinement(best_of_n_n(prompt_flat), prev_data_num=1, keep_best=True)",5,LENGTH,/refine(5; curr = 3)/BoN(3)/,gpt-4o,True,True,True,10,False,True,,2.0," theorem first_fourier_aux2a :
    (2 : ℂ) * π * -(y * (1 / (2 * π) * Real.log ((n) / x))) = -(y * ((n) / x).log)   := by
  ring
  field_simp [Real.pi_ne_zero]"
PrimeNumberTheoremAnd,PrimeNumberTheoremAnd/Wiener.lean,"theorem first_fourier_aux2a :
    (2 : ℂ) * π * -(y * (1 / (2 * π) * Real.log ((n) / x))) = -(y * ((n) / x).log)   ","refinement(best_of_n_n(prompt_flat), prev_data_num=1, keep_best=True)",5,LENGTH,/refine(5; curr = 3)/BoN(3)/,gpt-4o,True,True,True,10,False,True,,2.0," theorem first_fourier_aux2a :
    (2 : ℂ) * π * -(y * (1 / (2 * π) * Real.log ((n) / x))) = -(y * ((n) / x).log)   := by
  ring
  field_simp [Real.pi_ne_zero]"
PrimeNumberTheoremAnd,PrimeNumberTheoremAnd/Wiener.lean,"theorem first_fourier_aux2a :
    (2 : ℂ) * π * -(y * (1 / (2 * π) * Real.log ((n) / x))) = -(y * ((n) / x).log)   ","refinement(best_of_n_n(prompt_flat), prev_data_num=1, keep_best=True)",5,LENGTH,/refine(5; curr = 4)/BoN(3)/,gpt-4o,True,True,True,10,False,True,,2.0," theorem first_fourier_aux2a :
    (2 : ℂ) * π * -(y * (1 / (2 * π) * Real.log ((n) / x))) = -(y * ((n) / x).log)   := by
  ring
  field_simp [Real.pi_ne_zero]"
PrimeNumberTheoremAnd,PrimeNumberTheoremAnd/Wiener.lean,"theorem first_fourier_aux2a :
    (2 : ℂ) * π * -(y * (1 / (2 * π) * Real.log ((n) / x))) = -(y * ((n) / x).log)   ","refinement(best_of_n_n(prompt_flat), prev_data_num=1, keep_best=True)",5,LENGTH,/refine(5; curr = 4)/BoN(3)/,gpt-4o,True,True,True,10,False,True,,2.0," theorem first_fourier_aux2a :
    (2 : ℂ) * π * -(y * (1 / (2 * π) * Real.log ((n) / x))) = -(y * ((n) / x).log)   := by
  ring_nf
  field_simp [Real.pi_ne_zero]"
PrimeNumberTheoremAnd,PrimeNumberTheoremAnd/Wiener.lean,"theorem first_fourier_aux2a :
    (2 : ℂ) * π * -(y * (1 / (2 * π) * Real.log ((n) / x))) = -(y * ((n) / x).log)   ","refinement(best_of_n_n(prompt_flat), prev_data_num=1, keep_best=True)",5,LENGTH,/refine(5; curr = 4)/BoN(3)/,gpt-4o,True,True,True,10,False,True,,2.0," theorem first_fourier_aux2a :
    (2 : ℂ) * π * -(y * (1 / (2 * π) * Real.log ((n) / x))) = -(y * ((n) / x).log)   := by
  ring_nf
  field_simp [Real.pi_ne_zero]"
PrimeNumberTheoremAnd,PrimeNumberTheoremAnd/Wiener.lean,theorem bigO (h : cheby f) : cumsum (‖f ·‖) =O[atTop] ((↑) : ℕ → ℝ)  ,"refinement(best_of_n_n(prompt_flat), prev_data_num=1, keep_best=True)",5,LENGTH,/refine(5; curr = 0)/BoN(3)/,gpt-4o,True,True,True,10,False,False,"type mismatch, term
  hC n
after simplification has type
  cumsum (fun x => Complex.abs (f x)) n ≤ C * ↑n : Prop
but is expected to have type
  |cumsum (fun x => Complex.abs (f x)) n| ≤ ?intro.c * ↑n : Prop
	at:   simpa using hC n",," theorem bigO (h : cheby f) : cumsum (‖f ·‖) =O[atTop] ((↑) : ℕ → ℝ)  := by
  obtain ⟨C, hC⟩ := h
  apply isBigO_of_le'
  intro n
  simpa using hC n"
PrimeNumberTheoremAnd,PrimeNumberTheoremAnd/Wiener.lean,theorem bigO (h : cheby f) : cumsum (‖f ·‖) =O[atTop] ((↑) : ℕ → ℝ)  ,"refinement(best_of_n_n(prompt_flat), prev_data_num=1, keep_best=True)",5,LENGTH,/refine(5; curr = 0)/BoN(3)/,gpt-4o,True,True,True,10,False,False,"type mismatch
  hC n
has type
  cumsum (fun x => ‖f x‖) n ≤ C * ↑n : Prop
but is expected to have type
  cumsum (fun x => ‖f x‖) n ≤ ?intro.c * ‖↑n‖ : Prop
	at:   exact hC n",," theorem bigO (h : cheby f) : cumsum (‖f ·‖) =O[atTop] ((↑) : ℕ → ℝ)  := by
  rcases h with ⟨C, hC⟩
  apply isBigO_of_le'
  intro n
  rw [Real.norm_eq_abs, abs_eq_self.mpr (cumsum_nonneg _ n)]
  exact hC n"
PrimeNumberTheoremAnd,PrimeNumberTheoremAnd/Wiener.lean,theorem bigO (h : cheby f) : cumsum (‖f ·‖) =O[atTop] ((↑) : ℕ → ℝ)  ,"refinement(best_of_n_n(prompt_flat), prev_data_num=1, keep_best=True)",5,LENGTH,/refine(5; curr = 0)/BoN(3)/,gpt-4o,True,True,True,10,False,False,"type mismatch, term
  hC n
after simplification has type
  cumsum (fun x => Complex.abs (f x)) n ≤ C * ↑n : Prop
but is expected to have type
  |cumsum (fun x => Complex.abs (f x)) n| ≤ C * ↑n : Prop
	at:   simpa [Real.norm_eq_abs, abs_eq_self.mpr (cumsum_nonneg (fun _ => norm_nonneg _) n)] using hC n",," theorem bigO (h : cheby f) : cumsum (‖f ·‖) =O[atTop] ((↑) : ℕ → ℝ)  := by
  obtain ⟨C, hC⟩ := h
  apply isBigO_of_le' (c := C) atTop
  intro n
  simpa [Real.norm_eq_abs, abs_eq_self.mpr (cumsum_nonneg (fun _ => norm_nonneg _) n)] using hC n"
PrimeNumberTheoremAnd,PrimeNumberTheoremAnd/Wiener.lean,theorem bigO (h : cheby f) : cumsum (‖f ·‖) =O[atTop] ((↑) : ℕ → ℝ)  ,"refinement(best_of_n_n(prompt_flat), prev_data_num=1, keep_best=True)",5,LENGTH,/refine(5; curr = 1)/BoN(3)/,gpt-4o,True,True,True,10,False,False,"type mismatch, term
  hC n
after simplification has type
  cumsum (fun x => Complex.abs (f x)) n ≤ C * ↑n : Prop
but is expected to have type
  |cumsum (fun x => Complex.abs (f x)) n| ≤ ?intro.c * ↑n : Prop
	at:   simpa [Real.norm_eq_abs] using hC n",," theorem bigO (h : cheby f) : cumsum (‖f ·‖) =O[atTop] ((↑) : ℕ → ℝ)  := by
  obtain ⟨C, hC⟩ := h
  apply isBigO_of_le'
  intro n
  simpa [Real.norm_eq_abs] using hC n"
PrimeNumberTheoremAnd,PrimeNumberTheoremAnd/Wiener.lean,theorem bigO (h : cheby f) : cumsum (‖f ·‖) =O[atTop] ((↑) : ℕ → ℝ)  ,"refinement(best_of_n_n(prompt_flat), prev_data_num=1, keep_best=True)",5,LENGTH,/refine(5; curr = 1)/BoN(3)/,gpt-4o,True,True,True,10,False,False,"type mismatch, term
  hC n
after simplification has type
  cumsum (fun x => Complex.abs (f x)) n ≤ C * ↑n : Prop
but is expected to have type
  |cumsum (fun x => Complex.abs (f x)) n| ≤ C * ↑n : Prop
	at:   simpa using hC n",," theorem bigO (h : cheby f) : cumsum (‖f ·‖) =O[atTop] ((↑) : ℕ → ℝ)  := by
  obtain ⟨C, hC⟩ := h
  apply isBigO_of_le' (c := C) atTop
  intro n
  simpa using hC n"
PrimeNumberTheoremAnd,PrimeNumberTheoremAnd/Wiener.lean,theorem bigO (h : cheby f) : cumsum (‖f ·‖) =O[atTop] ((↑) : ℕ → ℝ)  ,"refinement(best_of_n_n(prompt_flat), prev_data_num=1, keep_best=True)",5,LENGTH,/refine(5; curr = 1)/BoN(3)/,gpt-4o,True,True,True,10,False,False,"type mismatch, term
  hC n
after simplification has type
  cumsum (fun x => Complex.abs (f x)) n ≤ C * ↑n : Prop
but is expected to have type
  |cumsum (fun x => Complex.abs (f x)) n| ≤ C * ↑n : Prop
	at:   simpa [Real.norm_eq_abs, abs_nonneg] using hC n",," theorem bigO (h : cheby f) : cumsum (‖f ·‖) =O[atTop] ((↑) : ℕ → ℝ)  := by
  obtain ⟨C, hC⟩ := h
  apply isBigO_of_le' (c := C) atTop
  intro n
  simpa [Real.norm_eq_abs, abs_nonneg] using hC n"
PrimeNumberTheoremAnd,PrimeNumberTheoremAnd/Wiener.lean,theorem bigO (h : cheby f) : cumsum (‖f ·‖) =O[atTop] ((↑) : ℕ → ℝ)  ,"refinement(best_of_n_n(prompt_flat), prev_data_num=1, keep_best=True)",5,LENGTH,/refine(5; curr = 2)/BoN(3)/,gpt-4o,True,True,True,10,False,False,"type mismatch, term
  hC n
after simplification has type
  cumsum (fun x => Complex.abs (f x)) n ≤ C * ↑n : Prop
but is expected to have type
  |cumsum (fun x => Complex.abs (f x)) n| ≤ C * ↑n : Prop
	at:   simpa using hC n",," theorem bigO (h : cheby f) : cumsum (‖f ·‖) =O[atTop] ((↑) : ℕ → ℝ)  := by
  obtain ⟨C, hC⟩ := h
  apply isBigO_of_le' (c := C) atTop
  intro n
  rw [Real.norm_eq_abs]
  simpa using hC n"
PrimeNumberTheoremAnd,PrimeNumberTheoremAnd/Wiener.lean,theorem bigO (h : cheby f) : cumsum (‖f ·‖) =O[atTop] ((↑) : ℕ → ℝ)  ,"refinement(best_of_n_n(prompt_flat), prev_data_num=1, keep_best=True)",5,LENGTH,/refine(5; curr = 2)/BoN(3)/,gpt-4o,True,True,True,10,False,False,"unknown identifier 'fun_'
	at:   rw [Real.norm_eq_abs, abs_eq_self.mpr (cumsum_nonneg fun_ => norm_nonneg _ n)]",," theorem bigO (h : cheby f) : cumsum (‖f ·‖) =O[atTop] ((↑) : ℕ → ℝ)  := by
  obtain ⟨C, hC⟩ := h
  apply isBigO_of_le' (c := C) atTop
  intro n
  rw [Real.norm_eq_abs, abs_eq_self.mpr (cumsum_nonneg fun_ => norm_nonneg _ n)]"
PrimeNumberTheoremAnd,PrimeNumberTheoremAnd/Wiener.lean,theorem bigO (h : cheby f) : cumsum (‖f ·‖) =O[atTop] ((↑) : ℕ → ℝ)  ,"refinement(best_of_n_n(prompt_flat), prev_data_num=1, keep_best=True)",5,LENGTH,/refine(5; curr = 2)/BoN(3)/,gpt-4o,True,True,True,10,False,False,"application type mismatch
  abs_eq_self.mpr (cumsum_nonneg fun x => norm_nonneg (?m.521532 x))
argument
  cumsum_nonneg fun x => norm_nonneg (?m.521532 x)
has type
  @OfNat.ofNat (ℕ → ℝ) 0 (@Zero.toOfNat0 (ℕ → ℝ) Pi.instZero) ≤ cumsum fun x => ‖?m.521532 x‖ : Prop
but is expected to have type
  @OfNat.ofNat ?m.521408 0 (@Zero.toOfNat0 ?m.521408 NegZeroClass.toZero) ≤ ?m.521428 : Prop
	at:   simp [Real.norm_eq_abs, abs_eq_self.mpr (cumsum_nonneg (fun _ => norm_nonneg _)), hC n]
unsolved goals
case intro.hfg
f : ℕ → ℂ
C : ℝ
hC : chebyWith C f
n : ℕ
⊢ |cumsum (fun x => Complex.abs (f x)) n| ≤ ?intro.c * ↑n

case intro.c
f : ℕ → ℂ
C : ℝ
hC : chebyWith C f
⊢ ℝ
	at:  theorem bigO (h : cheby f) : cumsum (‖f ·‖) =O[atTop] ((↑) : ℕ → ℝ)  := by
  obtain ⟨C, hC⟩ := h
  apply isBigO_of_le'
  intro n
  simp [Real.norm_eq_abs, abs_eq_self.mpr (cumsum_nonneg (fun _ => norm_nonneg _)), hC n]",," theorem bigO (h : cheby f) : cumsum (‖f ·‖) =O[atTop] ((↑) : ℕ → ℝ)  := by
  obtain ⟨C, hC⟩ := h
  apply isBigO_of_le'
  intro n
  simp [Real.norm_eq_abs, abs_eq_self.mpr (cumsum_nonneg (fun _ => norm_nonneg _)), hC n]"
PrimeNumberTheoremAnd,PrimeNumberTheoremAnd/Wiener.lean,theorem bigO (h : cheby f) : cumsum (‖f ·‖) =O[atTop] ((↑) : ℕ → ℝ)  ,"refinement(best_of_n_n(prompt_flat), prev_data_num=1, keep_best=True)",5,LENGTH,/refine(5; curr = 3)/BoN(3)/,gpt-4o,True,True,True,10,False,False,"type mismatch, term
  hC n
after simplification has type
  cumsum (fun x => Complex.abs (f x)) n ≤ C * ↑n : Prop
but is expected to have type
  |cumsum (fun x => Complex.abs (f x)) n| ≤ C * ↑n : Prop
	at:   simpa [Real.norm_eq_abs] using hC n",," theorem bigO (h : cheby f) : cumsum (‖f ·‖) =O[atTop] ((↑) : ℕ → ℝ)  := by
  obtain ⟨C, hC⟩ := h
  apply isBigO_of_le' (c := C) atTop
  intro n
  simpa [Real.norm_eq_abs] using hC n"
PrimeNumberTheoremAnd,PrimeNumberTheoremAnd/Wiener.lean,theorem bigO (h : cheby f) : cumsum (‖f ·‖) =O[atTop] ((↑) : ℕ → ℝ)  ,"refinement(best_of_n_n(prompt_flat), prev_data_num=1, keep_best=True)",5,LENGTH,/refine(5; curr = 3)/BoN(3)/,gpt-4o,True,True,True,10,False,False,"type mismatch, term
  hC n
after simplification has type
  cumsum (fun x => Complex.abs (f x)) n ≤ C * ↑n : Prop
but is expected to have type
  |cumsum (fun x => Complex.abs (f x)) n| ≤ C * ↑n : Prop
	at:   simpa [Real.norm_eq_abs, abs_eq_self] using hC n",," theorem bigO (h : cheby f) : cumsum (‖f ·‖) =O[atTop] ((↑) : ℕ → ℝ)  := by
  obtain ⟨C, hC⟩ := h
  apply isBigO_of_le' (c := C) atTop
  intro n
  simpa [Real.norm_eq_abs, abs_eq_self] using hC n"
PrimeNumberTheoremAnd,PrimeNumberTheoremAnd/Wiener.lean,theorem bigO (h : cheby f) : cumsum (‖f ·‖) =O[atTop] ((↑) : ℕ → ℝ)  ,"refinement(best_of_n_n(prompt_flat), prev_data_num=1, keep_best=True)",5,LENGTH,/refine(5; curr = 3)/BoN(3)/,gpt-4o,True,True,True,10,False,False,"application type mismatch
  abs_eq_self.mpr (cumsum_nonneg fun x => norm_nonneg (?m.521916 x))
argument
  cumsum_nonneg fun x => norm_nonneg (?m.521916 x)
has type
  @OfNat.ofNat (ℕ → ℝ) 0 (@Zero.toOfNat0 (ℕ → ℝ) Pi.instZero) ≤ cumsum fun x => ‖?m.521916 x‖ : Prop
but is expected to have type
  @OfNat.ofNat ?m.521792 0 (@Zero.toOfNat0 ?m.521792 NegZeroClass.toZero) ≤ ?m.521812 : Prop
	at:   simpa [Real.norm_eq_abs, abs_eq_self.mpr (cumsum_nonneg (fun _ => norm_nonneg _)) n] using hC n
type mismatch, term
  hC n
after simplification has type
  cumsum (fun x => Complex.abs (f x)) n ≤ C * ↑n : Prop
but is expected to have type
  |cumsum (fun x => Complex.abs (f x)) n| ≤ C * ↑n : Prop
	at:   simpa [Real.norm_eq_abs, abs_eq_self.mpr (cumsum_nonneg (fun _ => norm_nonneg _)) n] using hC n",," theorem bigO (h : cheby f) : cumsum (‖f ·‖) =O[atTop] ((↑) : ℕ → ℝ)  := by
  obtain ⟨C, hC⟩ := h
  apply isBigO_of_le' (c := C) atTop
  intro n
  simpa [Real.norm_eq_abs, abs_eq_self.mpr (cumsum_nonneg (fun _ => norm_nonneg _)) n] using hC n"
PrimeNumberTheoremAnd,PrimeNumberTheoremAnd/Wiener.lean,theorem bigO (h : cheby f) : cumsum (‖f ·‖) =O[atTop] ((↑) : ℕ → ℝ)  ,"refinement(best_of_n_n(prompt_flat), prev_data_num=1, keep_best=True)",5,LENGTH,/refine(5; curr = 4)/BoN(3)/,gpt-4o,True,True,True,10,False,False,"unsolved goals
case intro
f : ℕ → ℂ
C : ℝ
hC : chebyWith C f
⊢ ∀ (x : ℕ), |cumsum (fun x => Complex.abs (f x)) x| ≤ C * ↑x
	at:  theorem bigO (h : cheby f) : cumsum (‖f ·‖) =O[atTop] ((↑) : ℕ → ℝ)  := by
  obtain ⟨C, hC⟩ := h
  apply isBigO_of_le' (c := C) atTop
  simp [Real.norm_eq_abs] using hC",," theorem bigO (h : cheby f) : cumsum (‖f ·‖) =O[atTop] ((↑) : ℕ → ℝ)  := by
  obtain ⟨C, hC⟩ := h
  apply isBigO_of_le' (c := C) atTop
  simp [Real.norm_eq_abs] using hC"
PrimeNumberTheoremAnd,PrimeNumberTheoremAnd/Wiener.lean,theorem bigO (h : cheby f) : cumsum (‖f ·‖) =O[atTop] ((↑) : ℕ → ℝ)  ,"refinement(best_of_n_n(prompt_flat), prev_data_num=1, keep_best=True)",5,LENGTH,/refine(5; curr = 4)/BoN(3)/,gpt-4o,True,True,True,10,False,False,"application type mismatch
  abs_eq_self.mpr (cumsum_nonneg fun x => norm_nonneg (?m.521920 x))
argument
  cumsum_nonneg fun x => norm_nonneg (?m.521920 x)
has type
  (0 : ℕ → ℝ) ≤ cumsum fun x => ‖?m.521920 x‖ : Prop
but is expected to have type
  (0 : ℝ) ≤ cumsum (fun x => ‖f x‖) n : Prop
	at:   rw [Real.norm_eq_abs, abs_eq_self.mpr (cumsum_nonneg (fun _ => norm_nonneg _))]",," theorem bigO (h : cheby f) : cumsum (‖f ·‖) =O[atTop] ((↑) : ℕ → ℝ)  := by
  obtain ⟨C, hC⟩ := h
  apply isBigO_of_le' (c := C) atTop
  intro n
  rw [Real.norm_eq_abs, abs_eq_self.mpr (cumsum_nonneg (fun _ => norm_nonneg _))]
  exact hC n"
PrimeNumberTheoremAnd,PrimeNumberTheoremAnd/Wiener.lean,theorem bigO (h : cheby f) : cumsum (‖f ·‖) =O[atTop] ((↑) : ℕ → ℝ)  ,"refinement(best_of_n_n(prompt_flat), prev_data_num=1, keep_best=True)",5,LENGTH,/refine(5; curr = 4)/BoN(3)/,gpt-4o,True,True,True,10,False,False,"type mismatch, term
  hC n
after simplification has type
  cumsum (fun x => Complex.abs (f x)) n ≤ C * ↑n : Prop
but is expected to have type
  |cumsum (fun x => Complex.abs (f x)) n| ≤ C * ↑n : Prop
	at:   simpa [abs_eq_self.2 (cumsum_nonneg (fun _ => norm_nonneg _) n)] using hC n",," theorem bigO (h : cheby f) : cumsum (‖f ·‖) =O[atTop] ((↑) : ℕ → ℝ)  := by
  obtain ⟨C, hC⟩ := h
  apply isBigO_of_le' (c := C) atTop
  intro n
  simpa [abs_eq_self.2 (cumsum_nonneg (fun _ => norm_nonneg _) n)] using hC n"
PrimeNumberTheoremAnd,PrimeNumberTheoremAnd/Wiener.lean, theorem bigO (h : cheby f) : cumsum (‖f ·‖) =O[atTop] ((↑) : ℕ → ℝ)  ,"refinement(best_of_n_n(prompt_flat), prev_data_num=1, keep_best=True)",5,LENGTH,/refine(5; curr = 0)/BoN(3)/,gpt-4o,True,True,True,10,False,False,"type mismatch, term
  hC n
after simplification has type
  cumsum (fun x => Complex.abs (f x)) n ≤ C * ↑n : Prop
but is expected to have type
  |cumsum (fun x => Complex.abs (f x)) n| ≤ ?intro.c * ↑n : Prop
	at:   simpa using hC n",,"lemma cheby.bigO (h : cheby f) : cumsum (‖f ·‖) =O[atTop] ((↑) : ℕ → ℝ)  := by
  obtain ⟨C, hC⟩ := h
  apply isBigO_of_le'
  intro n
  simpa using hC n"
PrimeNumberTheoremAnd,PrimeNumberTheoremAnd/Wiener.lean, theorem bigO (h : cheby f) : cumsum (‖f ·‖) =O[atTop] ((↑) : ℕ → ℝ)  ,"refinement(best_of_n_n(prompt_flat), prev_data_num=1, keep_best=True)",5,LENGTH,/refine(5; curr = 0)/BoN(3)/,gpt-4o,True,True,True,10,False,False,"application type mismatch
  isBigO_of_le' atTop hC
argument
  hC
has type
  chebyWith C f : Prop
but is expected to have type
  ∀ (x : ?m.521372), ‖?m.521369 x‖ ≤ ?m.521368 * ‖?m.521370 x‖ : Prop
	at:   apply isBigO_of_le' atTop hC
tactic 'introN' failed, insufficient number of binders
f : ℕ → ℂ
C : ℝ
hC : chebyWith C f
⊢ ℝ
	at:   intro n",,"lemma cheby.bigO (h : cheby f) : cumsum (‖f ·‖) =O[atTop] ((↑) : ℕ → ℝ)  := by
  obtain ⟨C, hC⟩ := h
  apply isBigO_of_le' atTop hC
  intro n
  rw [Real.norm_eq_abs]
  simpa using hC n"
PrimeNumberTheoremAnd,PrimeNumberTheoremAnd/Wiener.lean, theorem bigO (h : cheby f) : cumsum (‖f ·‖) =O[atTop] ((↑) : ℕ → ℝ)  ,"refinement(best_of_n_n(prompt_flat), prev_data_num=1, keep_best=True)",5,LENGTH,/refine(5; curr = 0)/BoN(3)/,gpt-4o,True,True,True,10,False,True,,5.0,"lemma cheby.bigO (h : cheby f) : cumsum (‖f ·‖) =O[atTop] ((↑) : ℕ → ℝ)  := by
  obtain ⟨C, hC⟩ := h
  apply isBigO_of_le' (c := C * 1) atTop
  intro n
  rw [Real.norm_eq_abs, abs_eq_self.mpr (cumsum_nonneg (fun _ => norm_nonneg _) n)]
  simpa using hC n"
PrimeNumberTheoremAnd,PrimeNumberTheoremAnd/Wiener.lean,theorem bigO (h : cheby f) : cumsum (‖f ·‖) =O[atTop] ((↑) : ℕ → ℝ)   ,"refinement(best_of_n_n(prompt_flat), prev_data_num=1, keep_best=True)",5,LENGTH,/refine(5; curr = 1)/BoN(3)/,gpt-4o,True,True,True,10,False,False,"application type mismatch
  isBigO_of_le' atTop hC
argument
  hC
has type
  chebyWith C f : Prop
but is expected to have type
  ∀ (x : ℕ), ‖cumsum (fun x => ‖f x‖) x‖ ≤ C * ‖↑x‖ : Prop
	at:   exact isBigO_of_le' (c := C) atTop hC",," theorem bigO (h : cheby f) : cumsum (‖f ·‖) =O[atTop] ((↑) : ℕ → ℝ)   := by
  obtain ⟨C, hC⟩ := h
  exact isBigO_of_le' (c := C) atTop hC"
PrimeNumberTheoremAnd,PrimeNumberTheoremAnd/Wiener.lean,theorem bigO (h : cheby f) : cumsum (‖f ·‖) =O[atTop] ((↑) : ℕ → ℝ)   ,"refinement(best_of_n_n(prompt_flat), prev_data_num=1, keep_best=True)",5,LENGTH,/refine(5; curr = 1)/BoN(3)/,gpt-4o,True,True,True,10,False,False,"type mismatch
  hC n
has type
  cumsum (fun x => ‖f x‖) n ≤ C * ↑n : Prop
but is expected to have type
  cumsum (fun x => ‖f x‖) n ≤ C * ‖↑n‖ : Prop
	at:   exact isBigO_of_le' (c := C) atTop (fun n => by rw [Real.norm_eq_abs, abs_eq_self.mpr (cumsum_nonneg (fun _ => norm_nonneg _) n)]; exact hC n)",," theorem bigO (h : cheby f) : cumsum (‖f ·‖) =O[atTop] ((↑) : ℕ → ℝ)   := by
  obtain ⟨C, hC⟩ := h
  exact isBigO_of_le' (c := C) atTop (fun n => by rw [Real.norm_eq_abs, abs_eq_self.mpr (cumsum_nonneg (fun _ => norm_nonneg _) n)]; exact hC n)"
PrimeNumberTheoremAnd,PrimeNumberTheoremAnd/Wiener.lean,theorem bigO (h : cheby f) : cumsum (‖f ·‖) =O[atTop] ((↑) : ℕ → ℝ)   ,"refinement(best_of_n_n(prompt_flat), prev_data_num=1, keep_best=True)",5,LENGTH,/refine(5; curr = 1)/BoN(3)/,gpt-4o,True,True,True,10,False,False,"type mismatch
  hC n
has type
  cumsum (fun x => ‖f x‖) n ≤ C * ↑n : Prop
but is expected to have type
  cumsum (fun x => ‖f x‖) n ≤ C * ‖↑n‖ : Prop
	at:   exact hC n",," theorem bigO (h : cheby f) : cumsum (‖f ·‖) =O[atTop] ((↑) : ℕ → ℝ)   := by
  obtain ⟨C, hC⟩ := h
  apply isBigO_of_le' (c := C) atTop; intro n
  rw [Real.norm_eq_abs, abs_eq_self.mpr (cumsum_nonneg (fun _ => norm_nonneg _) n)]
  exact hC n"
PrimeNumberTheoremAnd,PrimeNumberTheoremAnd/Wiener.lean,theorem bigO (h : cheby f) : cumsum (‖f ·‖) =O[atTop] ((↑) : ℕ → ℝ)   ,"refinement(best_of_n_n(prompt_flat), prev_data_num=1, keep_best=True)",5,LENGTH,/refine(5; curr = 2)/BoN(3)/,gpt-4o,True,True,True,10,False,False,"application type mismatch
  isBigO_of_le' atTop hC
argument
  hC
has type
  chebyWith C f : Prop
but is expected to have type
  ∀ (x : ℕ), ‖cumsum (fun x => ‖f x‖) x‖ ≤ ?m.521368 * ‖↑x‖ : Prop
	at:   exact isBigO_of_le' atTop hC
unsolved goals
case intro
f : ℕ → ℂ
C : ℝ
hC : chebyWith C f
⊢ (cumsum fun x => ‖f x‖) =O[atTop] Nat.cast
	at:  theorem bigO (h : cheby f) : cumsum (‖f ·‖) =O[atTop] ((↑) : ℕ → ℝ)   := by
  obtain ⟨C, hC⟩ := h
  exact isBigO_of_le' atTop hC",," theorem bigO (h : cheby f) : cumsum (‖f ·‖) =O[atTop] ((↑) : ℕ → ℝ)   := by
  obtain ⟨C, hC⟩ := h
  exact isBigO_of_le' atTop hC"
PrimeNumberTheoremAnd,PrimeNumberTheoremAnd/Wiener.lean,theorem bigO (h : cheby f) : cumsum (‖f ·‖) =O[atTop] ((↑) : ℕ → ℝ)   ,"refinement(best_of_n_n(prompt_flat), prev_data_num=1, keep_best=True)",5,LENGTH,/refine(5; curr = 2)/BoN(3)/,gpt-4o,True,True,True,10,False,False,"type mismatch, term
  hC
after simplification has type
  chebyWith C f : Prop
but is expected to have type
  ∀ (x : ℕ), |cumsum (fun x => Complex.abs (f x)) x| ≤ C * ↑x : Prop
	at:   simpa using hC",," theorem bigO (h : cheby f) : cumsum (‖f ·‖) =O[atTop] ((↑) : ℕ → ℝ)   := by
  obtain ⟨C, hC⟩ := h
  apply isBigO_of_le' (c := C) atTop
  simpa using hC"
PrimeNumberTheoremAnd,PrimeNumberTheoremAnd/Wiener.lean,theorem bigO (h : cheby f) : cumsum (‖f ·‖) =O[atTop] ((↑) : ℕ → ℝ)   ,"refinement(best_of_n_n(prompt_flat), prev_data_num=1, keep_best=True)",5,LENGTH,/refine(5; curr = 2)/BoN(3)/,gpt-4o,True,True,True,10,False,False,"application type mismatch
  isBigO_of_le' atTop hC
argument
  hC
has type
  chebyWith C f : Prop
but is expected to have type
  ∀ (x : ℕ), ‖cumsum (fun x => ‖f x‖) x‖ ≤ C * ‖↑x‖ : Prop
	at:   exact isBigO_of_le' (c := C) atTop hC",," theorem bigO (h : cheby f) : cumsum (‖f ·‖) =O[atTop] ((↑) : ℕ → ℝ)   := by
  obtain ⟨C, hC⟩ := h
  exact isBigO_of_le' (c := C) atTop hC"
PrimeNumberTheoremAnd,PrimeNumberTheoremAnd/Wiener.lean,theorem bigO (h : cheby f) : cumsum (‖f ·‖) =O[atTop] ((↑) : ℕ → ℝ)   ,"refinement(best_of_n_n(prompt_flat), prev_data_num=1, keep_best=True)",5,LENGTH,/refine(5; curr = 3)/BoN(3)/,gpt-4o,True,True,True,10,False,False,"application type mismatch
  isBigO_of_le' atTop hC
argument
  hC
has type
  chebyWith C f : Prop
but is expected to have type
  ∀ (x : ℕ), ‖cumsum (fun x => ‖f x‖) x‖ ≤ ?m.521368 * ‖↑x‖ : Prop
	at:   exact isBigO_of_le' atTop hC
unsolved goals
case intro
f : ℕ → ℂ
C : ℝ
hC : chebyWith C f
⊢ (cumsum fun x => ‖f x‖) =O[atTop] Nat.cast
	at:  theorem bigO (h : cheby f) : cumsum (‖f ·‖) =O[atTop] ((↑) : ℕ → ℝ)   := by
  obtain ⟨C, hC⟩ := h
  exact isBigO_of_le' atTop hC",," theorem bigO (h : cheby f) : cumsum (‖f ·‖) =O[atTop] ((↑) : ℕ → ℝ)   := by
  obtain ⟨C, hC⟩ := h
  exact isBigO_of_le' atTop hC"
PrimeNumberTheoremAnd,PrimeNumberTheoremAnd/Wiener.lean,theorem bigO (h : cheby f) : cumsum (‖f ·‖) =O[atTop] ((↑) : ℕ → ℝ)   ,"refinement(best_of_n_n(prompt_flat), prev_data_num=1, keep_best=True)",5,LENGTH,/refine(5; curr = 3)/BoN(3)/,gpt-4o,True,True,True,10,False,False,"type mismatch
  hC n
has type
  cumsum (fun x => ‖f x‖) n ≤ C * ↑n : Prop
but is expected to have type
  ‖cumsum (fun x => ‖f x‖) n‖ ≤ ?m.521368 * ‖↑n‖ : Prop
	at:   apply isBigO_of_le' _ (fun n => hC n)",," theorem bigO (h : cheby f) : cumsum (‖f ·‖) =O[atTop] ((↑) : ℕ → ℝ)   := by
  obtain ⟨C, hC⟩ := h
  apply isBigO_of_le' _ (fun n => hC n)"
PrimeNumberTheoremAnd,PrimeNumberTheoremAnd/Wiener.lean,theorem bigO (h : cheby f) : cumsum (‖f ·‖) =O[atTop] ((↑) : ℕ → ℝ)   ,"refinement(best_of_n_n(prompt_flat), prev_data_num=1, keep_best=True)",5,LENGTH,/refine(5; curr = 3)/BoN(3)/,gpt-4o,True,True,True,10,False,False,"failed to synthesize
  SeminormedAddGroup ℕ
Additional diagnostic information may be available using the `set_option diagnostics true` command.
	at:   exact isBigO_of_le' (c := C) atTop (hC ∘ norm_of_nonneg ∘ cumsum_nonneg norm_nonneg)
application type mismatch
  isBigO_of_le' atTop (?m.521995 ∘ norm_of_nonneg ∘ ?m.522397)
argument
  ?m.521995 ∘ ⋯
has type
  ?m.522001 → ?m.521613 : Sort (imax ?u.522000 ?u.521608)
but is expected to have type
  ∀ (x : ℕ), ‖cumsum (fun x => ‖f x‖) x‖ ≤ C * ‖↑x‖ : Prop
	at:   exact isBigO_of_le' (c := C) atTop (hC ∘ norm_of_nonneg ∘ cumsum_nonneg norm_nonneg)",," theorem bigO (h : cheby f) : cumsum (‖f ·‖) =O[atTop] ((↑) : ℕ → ℝ)   := by
  obtain ⟨C, hC⟩ := h
  exact isBigO_of_le' (c := C) atTop (hC ∘ norm_of_nonneg ∘ cumsum_nonneg norm_nonneg)"
PrimeNumberTheoremAnd,PrimeNumberTheoremAnd/Wiener.lean,theorem bigO (h : cheby f) : cumsum (‖f ·‖) =O[atTop] ((↑) : ℕ → ℝ)   ,"refinement(best_of_n_n(prompt_flat), prev_data_num=1, keep_best=True)",5,LENGTH,/refine(5; curr = 4)/BoN(3)/,gpt-4o,True,True,True,10,False,False,"application type mismatch
  isBigO_of_le' hC
argument
  hC
has type
  chebyWith C f : Prop
but is expected to have type
  Filter ?m.521363 : Type ?u.521362
	at:   exact isBigO_of_le' hC",," theorem bigO (h : cheby f) : cumsum (‖f ·‖) =O[atTop] ((↑) : ℕ → ℝ)   := by
  obtain ⟨C, hC⟩ := h
  exact isBigO_of_le' hC"
PrimeNumberTheoremAnd,PrimeNumberTheoremAnd/Wiener.lean,theorem bigO (h : cheby f) : cumsum (‖f ·‖) =O[atTop] ((↑) : ℕ → ℝ)   ,"refinement(best_of_n_n(prompt_flat), prev_data_num=1, keep_best=True)",5,LENGTH,/refine(5; curr = 4)/BoN(3)/,gpt-4o,True,True,True,10,False,False,"unsolved goals
case intro
f : ℕ → ℂ
C : ℝ
hC : chebyWith C f
⊢ (cumsum fun x => ‖f x‖) =O[atTop] Nat.cast
	at:  theorem bigO (h : cheby f) : cumsum (‖f ·‖) =O[atTop] ((↑) : ℕ → ℝ)   := by
  obtain ⟨C, hC⟩ := h
  exact isBigO_of_le' atTop (λ n, (norm_nonneg (cumsum (‖f ·‖) n)).trans (hC n))",," theorem bigO (h : cheby f) : cumsum (‖f ·‖) =O[atTop] ((↑) : ℕ → ℝ)   := by
  obtain ⟨C, hC⟩ := h
  exact isBigO_of_le' atTop (λ n, (norm_nonneg (cumsum (‖f ·‖) n)).trans (hC n))"
PrimeNumberTheoremAnd,PrimeNumberTheoremAnd/Wiener.lean,theorem bigO (h : cheby f) : cumsum (‖f ·‖) =O[atTop] ((↑) : ℕ → ℝ)   ,"refinement(best_of_n_n(prompt_flat), prev_data_num=1, keep_best=True)",5,LENGTH,/refine(5; curr = 4)/BoN(3)/,gpt-4o,True,True,True,10,False,False,"application type mismatch
  isBigO_of_le' atTop hC
argument
  hC
has type
  chebyWith C f : Prop
but is expected to have type
  ∀ (x : ℕ), ‖cumsum (fun x => ‖f x‖) x‖ ≤ ?m.521368 * ‖↑x‖ : Prop
	at:   exact isBigO_of_le' atTop hC
unsolved goals
case intro
f : ℕ → ℂ
C : ℝ
hC : chebyWith C f
⊢ (cumsum fun x => ‖f x‖) =O[atTop] Nat.cast
	at:  theorem bigO (h : cheby f) : cumsum (‖f ·‖) =O[atTop] ((↑) : ℕ → ℝ)   := by
  obtain ⟨C, hC⟩ := h
  exact isBigO_of_le' atTop hC",," theorem bigO (h : cheby f) : cumsum (‖f ·‖) =O[atTop] ((↑) : ℕ → ℝ)   := by
  obtain ⟨C, hC⟩ := h
  exact isBigO_of_le' atTop hC"
